time_sec,zeta_ema,b_ema,u,e_sum
1757143894.8599293,0.5309849381446838,-35.27133560180664,-0.10466942537921668,-0.0872208869457245
1757143894.9940755,0.4975633241236209,-34.65170736312866,-0.11729996655537452,-0.09773541156947613
1757143895.1599624,0.45591734614223234,-33.806778397560116,-0.1321666730155145,-0.110109110904485
1757143895.3265254,0.42907652994431544,-33.16546119856834,-0.14059486253939646,-0.11711634701352563
1757143895.4933555,0.4343690569541416,-33.07396613088845,-0.13634034987714397,-0.1135551328318137
1757143895.6614952,0.46656535968924395,-33.460975221804965,-0.12168371343974996,-0.1013270723734277
1757143895.833673,0.5204553620066006,-34.209137131185905,-0.09834174968095995,-0.08186369030855878
1757143896.0064087,0.5750860944632163,-34.96785599484145,-0.07467866923604392,-0.06213551271680634
1757143896.1766343,0.6324247088513073,-35.82739623953297,-0.05059714370335915,-0.04206160796967606
1757143896.3423014,0.7037614254312945,-36.92764706354265,-0.021001004933676654,-0.017395757919779264
1757143896.5133803,0.7832598194230964,-38.16439802640556,0.011858728684296261,0.009985929447492603
1757143896.6833503,0.8765774736316901,-39.66770079964582,0.04981676052878107,0.04161172881938685
1757143896.8539248,0.985305078927309,-41.479507715229936,0.09332492332728116,0.07785746231135515
1757143897.0263002,1.0761796908561876,-43.036818187622735,0.12918052853105344,0.10772166355186641
1757143897.1918745,1.1513450605804987,-44.3655265183539,0.1583571146358763,0.1320172651067103
1757143897.3622875,1.211798795062155,-45.388727014335615,0.18237684845581975,0.1520121273877213
1757143897.5288682,1.252033354439296,-46.02259094895819,0.1989388413618252,0.16579076773006612
1757143897.6841743,1.3128257230103608,-47.11579123549465,0.2223246292298041,0.18525494915023394
1757143897.8429973,1.3751550012252298,-48.243651881239444,0.24622045015449234,0.20514098180022045
1757143898.001633,1.4291235723843663,-49.29572099616185,0.2660119185891163,0.22160457623056468
1757143898.1589677,1.4938636852118339,-50.628115503604725,0.2889051144087919,0.24065068756986963
1757143898.3147957,1.5542082211546417,-51.92092313784831,0.309638331729535,0.2578948791988377
1757143898.4723573,1.5921275665475625,-52.81509037512093,0.32170214424530713,0.2679128795225719
1757143898.6311839,1.5979657935706788,-53.15196170322768,0.32120510518506745,0.2674632797530626
1757143898.7841222,1.5680760750400635,-52.86677210347889,0.30673260475640046,0.2553703164852429
1757143898.9399478,1.5299924382335177,-52.420593074720955,0.2892740795675513,0.2407902883695493
1757143899.0957034,1.5005402376580157,-52.21372166988627,0.2741207605699543,0.22813290213014514
1757143899.250714,1.4844155192187947,-52.194029658352406,0.26471637730096115,0.2202674630258733
1757143899.4060826,1.4853640323699457,-52.46311769569846,0.2620903081855265,0.2180508392279883
1757143899.562777,1.5110258906612688,-53.13991145690962,0.2694010139680821,0.22411383076153812
1757143899.7159762,1.5683836675736704,-54.41686974148602,0.2885289540549959,0.24002313637197503
1757143899.8721313,1.634564410666697,-55.85668985914804,0.3109999569205634,0.25871530674186805
1757143900.0263345,1.7154416188290407,-57.55851479001876,0.3391478781001086,0.28213566151433267
1757143900.1824903,1.7817474630928192,-59.0890057985647,0.3606123490554835,0.2999836735607626
1757143900.3374476,1.8135969366712714,-59.95737159445189,0.36934924985559486,0.3072247523911168
1757143900.493466,1.774791995662369,-59.42245410268095,0.35253103602011154,0.29317145680437495
1757143900.6488433,1.6620918666114624,-57.46440264846243,0.3084474147930951,0.25640190682110686
1757143900.8095198,1.5300240811755959,-55.10869231027454,0.2575096408345869,0.2139251174850525
1757143900.9677136,1.4135169488388466,-53.04528516821052,0.21239413730418907,0.1763056227373181
1757143901.1253545,1.3298528469689943,-51.57484196998066,0.17986450471885818,0.1491780037846906
1757143901.283812,1.3155089818670198,-51.29386617549774,0.17465284438535303,0.14481582917853253
1757143901.4441297,1.3500258101097893,-51.928880851647165,0.18776773065126995,0.155724096538423
1757143901.6030002,1.415828984421347,-53.160156688215196,0.21250233624080153,0.1763129253285215
1757143901.7628458,1.4942822489835437,-54.60954288151439,0.24221379702235654,0.2010456956766279
1757143901.918657,1.5615638168665502,-55.99314616651582,0.26601390859235957,0.22085044676811694
1757143902.075298,1.6178801286629931,-57.16420647903964,0.2857881429134545,0.2372979995411001
1757143902.2358882,1.6723935342819978,-58.387200378720465,0.30386077952356266,0.2523247633537943
1757143902.392813,1.7254683365565453,-59.59291970548757,0.3212788966275988,0.26680497122339697
1757143902.5489116,1.7810073992247202,-60.880996422239555,0.33918938797702247,0.28169373538996456
1757143902.7034473,1.8468453134698744,-62.37932483599085,0.3607584988776875,0.2996294083750286
1757143902.858848,1.9162119391881347,-63.94346787763857,0.38365827926352186,0.31867129081768164
1757143903.0129802,1.9450174883163744,-64.70616081676445,0.3918394475712349,0.32544713599054265
1757143903.1728947,1.9419012188314335,-64.93746425663912,0.38724547562323824,0.32157596684932555
1757143903.3302019,1.9029339366584013,-64.49087218699563,0.36927243539711607,0.30655824645924434
1757143903.4835315,1.8017442672458825,-62.858329538949555,0.3281908957274308,0.27228883823344574
1757143903.6411881,1.6635383999901174,-60.45822841348828,0.27410440570788946,0.22718691586017592
1757143903.800159,1.5197886590887406,-57.8640192995613,0.21901388530344257,0.18125413654875733
1757143903.9530213,1.3538400755815538,-54.7611566124,0.1566988538676302,0.12930847166677695
1757143904.1088505,1.1929549281962901,-51.7059180767095,0.09684300362735568,0.07941828333105005
1757143904.264446,1.030345260094581,-48.45912357858997,0.038243494977564026,0.030581394261390837
1757143904.4224494,0.8894822558178792,-45.48157726980817,-0.010545343588001979,-0.010074644789142106
1757143904.581422,0.7738936982943192,-42.96833031072908,-0.04974630912554094,-0.042736453960131204
1757143904.7421155,0.7015983969245251,-41.184978296955016,-0.07173307610666689,-0.06105058450728762
1757143904.905377,0.6803437982758086,-40.36285516030551,-0.07463071769401411,-0.06345665246515081
1757143905.0614676,0.7091959425829044,-40.4524590987624,-0.05840247087080483,-0.04992661969617179
1757143905.217603,0.7807385348847589,-41.393557991358456,-0.026773781948108002,-0.023566312471205164
1757143905.3788319,0.8490607909751462,-42.295904437188476,0.0033916676891322514,0.0015713511156883464
1757143905.5379221,0.9157696052166721,-43.22786271722114,0.032237530909168574,0.02560617543612459
1757143905.6944811,0.9896649509255345,-44.3597171857302,0.06300050530242896,0.0512353036054653
1757143905.8534927,1.0621982882524572,-45.49746062026693,0.09287969223971985,0.07612453792355933
1757143906.011023,1.1293906933665068,-46.58377876662174,0.12017489042503332,0.09885755901703597
1757143906.1697042,1.2049114722281495,-47.885136398114874,0.14989068032005518,0.12360437213292602
1757143906.32621,1.2942288535193909,-49.519474930381975,0.1838928217902694,0.1519196774558757
1757143906.4833438,1.371188055126716,-50.957627389307206,0.212838172470458,0.17601775367028594
1757143906.6403368,1.4105004113082158,-51.690422670842814,0.22766161227864082,0.18834597894567973
1757143906.8008971,1.3910273173556589,-51.3165521720663,0.22049347925496862,0.18234813695716645
1757143906.9610815,1.3614302621434697,-50.78987594590928,0.20908304394350571,0.17281637161264207
1757143907.1167295,1.3262176840348083,-50.1339598768853,0.19585166861753245,0.16176924324855113
1757143907.2742965,1.3174194586675252,-49.956074672958025,0.1927324279605434,0.15914898260418237
1757143907.4340353,1.3329957949897489,-50.19390593381696,0.19925054450404414,0.1645588381567048
1757143907.6009145,1.338622746506512,-50.288450482401984,0.20151995722395133,0.16642686842923615
1757143907.772896,1.3607369013202397,-50.6815089610895,0.21010159419631477,0.17355336104922492
1757143907.9353604,1.3770279805057841,-51.02879299484654,0.21573778877397598,0.17822606030442667
1757143908.0952885,1.3632465764069475,-50.87972398871994,0.20928541445650495,0.17282604831627435
1757143908.2538295,1.3684405183767,-51.122149456154055,0.20952010133759158,0.17299876462680952
1757143908.415575,1.3816730649447424,-51.48813156006754,0.2130963071927506,0.1759552168716958
1757143908.5784168,1.4033974992848617,-51.96572064093868,0.22042953854497013,0.1820415432330441
1757143908.7458673,1.4280052083965462,-52.56659613843276,0.2280151215873639,0.18833664281394558
1757143908.9131246,1.4730504059120522,-53.594608265715216,0.2427397178299158,0.20057912029887393
1757143909.0765069,1.5304213164407292,-54.817077788342544,0.26252809490233203,0.2170398803369391
1757143909.2431223,1.5705458847930396,-55.64963049987756,0.2766503201786986,0.22877663739774423
1757143909.411843,1.5617114466267672,-55.543494990813855,0.27266131745704353,0.22542077340524502
1757143909.578218,1.52713337279816,-54.97637978869747,0.2587554270241324,0.21380288851210527
1757143909.7459385,1.4522009218480343,-53.65496653809316,0.22968470657425222,0.18955079554308552
1757143909.9107087,1.3657501124847775,-52.024772913947295,0.197403336538851,0.16262732710291583
1757143910.076771,1.2968102561889492,-50.61274668585247,0.1730073683290532,0.14227766123594987
1757143910.2477026,1.2536098340238613,-49.65128879110452,0.1586468809754538,0.13029202910088544
1757143910.415451,1.2137514139345493,-48.78555231633201,0.14514063195712884,0.11902018380395457
1757143910.5835476,1.1913187450045988,-48.26310552632107,0.1379693918294504,0.11302831723908868
1757143910.7508633,1.2047171899259996,-48.355782159184706,0.1449162160851483,0.11880077337115275
1757143910.9171193,1.2264585368982819,-48.6143247620409,0.1548796419626845,0.12708602082873194
1757143911.086558,1.2368604778741075,-48.69886902961512,0.1601285461079341,0.13144154864090257
1757143911.2556603,1.2412535982846777,-48.72367632581503,0.1624892835628094,0.13339003588418857
1757143911.422332,1.2216108377420487,-48.27924475256627,0.15605814018714337,0.12801297134536166
1757143911.5882497,1.1687752037109338,-47.22168701017721,0.1370660685667698,0.11217073175369474
1757143911.7589986,1.116560329985453,-46.16797046133461,0.1183982369070846,0.09660046037938036
1757143911.9259574,1.0888278568707324,-45.591517548314265,0.10869096395737457,0.08849875295222354
1757143912.0951943,1.0571232339418226,-44.94836230230724,0.0973994366887131,0.07907799394783893
1757143912.260704,1.0066443407304562,-43.87906356051341,0.07995436461217757,0.06453153476009399
1757143912.4277942,0.9568829320915393,-42.85085716669794,0.06244433999842647,0.04993289437879023
1757143912.5931747,0.9092618476743956,-41.85815657063111,0.04579005882513924,0.036049358130886666
1757143912.7613137,0.8845740913178212,-41.292388882633,0.037771554085408575,0.02936315683258056
1757143912.9252586,0.8753316711271207,-40.90544392275428,0.0368741313788149,0.02861139633601756
1757143913.0901234,0.8790632362504979,-40.645741871269884,0.042234948992498286,0.033074199412550076
1757143913.2524412,0.8725377143992156,-40.24739051531625,0.043105337810820835,0.03379495204644528
1757143913.416953,0.8339662130171569,-39.107911748064836,0.03364044371589986,0.025903989027930063
1757143913.583915,0.7838287601093239,-37.739146934205905,0.01998557450000686,0.014522910712602866
1757143913.7511277,0.7101555344222781,-35.86116110875396,-0.001683121903720209,-0.0035338438764005997
1757143913.9172544,0.6543590056817588,-34.327236869081645,-0.01675662171943903,-0.016092865849937077
1757143914.08464,0.6566267854496651,-33.85361193740125,-0.00971416581066633,-0.010222726649179892
1757143914.2518835,0.6740656221110197,-33.68809732563861,0.0027353369210352673,0.00015183779912375517
1757143914.4186554,0.7089766987153534,-33.94441893030395,0.02060863274997849,0.015044160054637212
1757143914.585275,0.7630642028241567,-34.551209900903004,0.04578564489511416,0.03602000240304826
1757143914.7519279,0.8206232133517415,-35.299456023594665,0.07135164986072483,0.05731704643992408
1757143914.920684,0.8722473358968161,-36.00534198706337,0.09386832830326788,0.0760702480777744
1757143915.0894043,0.9372125662432412,-37.04641342683373,0.12037116866707312,0.09814214885328332
1757143915.2607577,1.001795564811725,-38.08298359411509,0.14670270033110783,0.12006794646471153
1757143915.433668,1.0404015093895134,-38.64319617740983,0.1631668461325696,0.1337687929206584
1757143915.6111953,1.0884094123402952,-39.50693938367605,0.18163314492954796,0.14913531233338712
1757143915.7885432,1.1470259914936356,-40.62115368615972,0.20346219099490462,0.16730145888522058
1757143915.9733925,1.1907434508834922,-41.490081124532395,0.21929889758488438,0.18047091419642214
1757143916.1523118,1.215149830118111,-42.08866800305919,0.22679308320118893,0.18668823502846355
1757143916.3322303,1.2994452007795636,-43.25551908776951,0.2634071671967229,0.21716740951208674
1757143916.5003936,1.2845455332374573,-43.256407951191086,0.25449196491519227,0.20970868710681778
1757143916.6695259,1.2957456278390884,-43.77564150108026,0.2550167564329767,0.21011639890874162
1757143916.8328784,1.3214154818860528,-44.51038733435144,0.26163693880445293,0.215603867599512
1757143916.997163,1.3618821690725729,-45.538041032819415,0.27362216225848857,0.22556067420809228
1757143917.1603167,1.425176093055315,-46.98853842575852,0.2942321428065786,0.2427026622700723
1757143917.3245742,1.507023822883598,-48.76437891474891,0.32207436738725304,0.26586812229430984
1757143917.4923806,1.6003226509082717,-50.72577544752709,0.3545660582255286,0.292903570978865
1757143917.6579266,1.6931731846798441,-52.811613063700534,0.3852990475234528,0.3184704617029167
1757143917.8220148,1.7468205352152917,-54.045472031487186,0.40273578519731107,0.332955547292774
1757143917.9872363,1.7678981638500348,-54.81313937839915,0.40622583890182057,0.33581768814102586
1757143918.150998,1.7634321804564985,-55.004308047296576,0.401306540700448,0.33167300975528347
1757143918.3161929,1.797921160651813,-55.43856434750743,0.41684577428191427,0.3445749368508322
1757143918.4813318,1.7713983583488977,-55.217491003789284,0.40364005222749677,0.333524269136556
1757143918.6470037,1.8016408464945324,-55.2804270309924,0.421087968264087,0.3480161529373422
1757143918.8134868,1.7486613633786756,-54.42252693341006,0.39965003671641497,0.33010541235523716
1757143918.9791527,1.7171594640043737,-53.90309145130255,0.3870350612083652,0.3195488174891613
1757143919.1472316,1.7079289062227798,-53.72627260261437,0.3836717839034187,0.31670172708524613
1757143919.3156564,1.7272412755326123,-53.9761190600691,0.3923155937453262,0.3238594471656151
1757143919.482369,1.7845487454855349,-54.91146990638205,0.41553305322226347,0.34315967367894695
1757143919.6485038,1.850790630415848,-56.111697955252396,0.440935992188497,0.3642783356554
1757143919.8107262,1.8927055280446832,-56.99473228966751,0.4555495780772889,0.37640544112566643
1757143919.9693613,1.931236707864983,-57.295376954175836,0.47512284020923984,0.39266458439073315
1757143920.1258714,1.984101928784295,-57.826771665427,0.5005299965028287,0.41378324773787745
1757143920.28426,2.1146885451060053,-59.265757636599005,0.5616877346159491,0.46468669618701264
1757143920.447259,2.295391796187802,-61.30246975476905,0.6457562922021133,0.5346712005462104
1757143920.611115,2.4845112663988584,-63.237346267030595,0.7361093907974278,0.6098821705291233
1757143920.7732136,2.701090661422421,-65.07547895367907,0.8441128690026757,0.6997905411744199
1757143920.9353776,2.992168139764874,-66.82170500599511,0.9979388939800423,0.8278670198224858
1757143921.09519,3.345335497241962,-68.48061975569536,1.1900901903846088,0.9878615510640275
1757143921.2563784,3.7556588541395075,-70.05658876791058,1.417562340647995,1.1772635393906479
1757143921.4206116,4.2621417061865605,-71.55375932951505,1.7037184756175618,1.4155332597981298
1757143921.581995,4.777882696743932,-72.9760713630393,1.9963631186231612,1.659180634741573
1757143921.7443564,5.331764955797116,-74.32726779488733,2.3127902694175817,1.9226097999496847
1757143921.9066267,5.981236297393247,-75.61090440514296,2.687432027933561,2.234509104645194
1757143922.07,6.625922861277247,-76.83035918488581,3.0600262451625433,2.5446578387897656
1757143922.2361279,7.2823826843999075,-77.98884122564151,3.4404757064023728,2.8613029299435384
1757143922.3985724,7.974386425393535,-79.08939916435943,3.8429904513453383,3.196299221053173
1757143922.5600126,8.699757871030595,-80.13492920614146,4.266239833327505,3.548529643453883
1757143922.7203023,9.433483261017882,-81.1281827458344,4.6951820486979665,3.905459803050597
1757143922.881406,10.181210076055367,-82.07177360854267,5.133182940083441,4.269887301942257
1757143923.0441136,10.99605332362589,-82.96818492811553,5.612091517801067,4.66834481253179
1757143923.2093048,11.802879647617935,-83.81977568170976,6.086804612773314,5.06324206699187
1757143923.3735793,12.62177363673362,-84.62878689762427,6.569330576084025,5.464598949390568
1757143923.5358183,13.533630339876186,-85.39734755274304,7.108181162663797,5.9128416944106625
1757143923.695961,14.42735039606353,-86.12748017510589,7.636668908836362,6.352400396280705
1757143923.856797,15.296377468545508,-86.82110616635059,8.150852074080268,6.779977672609248
1757143924.0180902,16.183701119837473,-87.48005085803305,8.676503010792972,7.217050051338406
1757143924.1772947,17.124516063845597,-88.1060483151314,9.234702896122847,7.681197548771484
1757143924.3397012,18.018290260653316,-88.70074589937482,9.765150126824965,8.12213767133291
1757143924.504891,18.86737574762065,-89.26570860440607,10.269232761298817,8.541030787766264
1757143924.6743731,19.674006960239616,-89.80242317418576,10.748285475280131,8.93897924837795
1757143924.8437946,20.440306612227634,-90.31230201547648,11.203525747030856,9.317030285959053
1757143925.0088863,21.168291281616252,-90.79668691470265,11.636101389496107,9.6761787716611
1757143925.1700106,21.85987671753544,-91.25685256896752,12.047144634930236,10.017369833078044
1757143925.3337753,22.516882881658667,-91.69400994051914,12.437796306443325,10.341501341424141
1757143925.4947627,23.141038737575734,-92.10930944349317,12.809020501898893,10.649426274352935
1757143925.656578,23.733986800696947,-92.50384397131852,13.161825588399239,10.941954960635288
1757143925.8183527,23.57709426531908,-92.87865177275259,13.064948738728864,10.859760614932014
1757143925.9786701,23.33225577977529,-93.23471918411495,12.915494070202667,10.733780698046496
1757143926.140529,23.915642990786527,-93.5729832249092,13.26325133228172,11.022091663144172
1757143926.3016195,24.32155876300013,-93.89433406366373,13.504752301932067,11.221836040863428
1757143926.4572725,24.646840917013208,-94.19961736048054,13.69802974761094,11.381424284901799
1757143926.6214085,24.629756801918163,-94.48963649245651,13.68616502218402,11.369982036034516
1757143926.7838936,24.717148280059558,-94.76515466783368,13.737147828768723,11.410922593351442
1757143926.9453747,24.66251053921332,-95.026896934442,13.703062083586719,11.38098630026224
1757143927.1068015,24.610275953872524,-95.27555208771989,13.670570051824344,11.352382456059063
1757143927.2633088,24.575129206349793,-95.5117744833339,13.648420958207563,11.332446858341557
1757143927.4223194,24.57248244146687,-95.7361857591672,13.645940917252092,11.328879363141763
1757143927.5821671,24.67443836318625,-95.94937647120884,13.70637531127982,11.377725416881038
1757143927.741212,24.811848914204184,-96.15190764764839,13.788211467566681,11.444405380625607
1757143927.900149,24.924712107379474,-96.34431226526596,13.855448075693847,11.498912931037077
1757143928.0618253,24.980823875972902,-96.52709665200265,13.888785084076734,11.525140971466424
1757143928.223156,25.02735458158832,-96.70074181940252,13.91648248765186,11.546669872600134
1757143928.3867576,25.050332345825556,-96.86570472843239,13.930180359796378,11.556509125628454
1757143928.5496974,25.06819574867588,-97.02241949201077,13.940902042213864,11.563873679417831
1757143928.712088,25.085328773589495,-97.17129851741022,13.951274343169375,11.570951401620645
1757143928.8723857,25.113547247782332,-97.31273359153971,13.96836502129739,11.58364628797577
1757143929.0308654,25.12151419920547,-97.44709691196272,13.973369263674375,11.586286130483108
1757143929.1896334,25.067081765459797,-97.57474206636458,13.941013143018045,11.557793462066252
1757143929.3474345,24.947305691560583,-97.69600496304635,13.869506494162055,11.496692796149828
1757143929.5071268,24.860657798950324,-97.81120471489403,13.81796418681835,11.452216852326222
1757143929.6677983,24.76794715555432,-97.92064447914933,13.762856971530107,11.404767132985667
1757143929.8279572,24.66648112178173,-98.02461225519185,13.702548009916912,11.352994438338946
1757143929.990294,24.51305075007985,-98.12338164243226,13.61113418852477,11.275291558615601
1757143930.1563623,24.209238212728444,-98.04194553150205,13.431671979379699,11.124199651049201
1757143930.3176196,23.813231334440655,-96.4326598393996,13.215143822604116,10.942289068826332
1757143930.4811976,23.4183988254121,-94.54828232533488,13.002617606273446,10.763716589452702
1757143930.6458259,23.029517191331436,-94.82086820906814,12.767757107715546,10.566549913575036
1757143930.8091495,22.659436767098114,-95.07982479861472,12.544296544141368,10.37892013556291
1757143930.974007,22.26779140388664,-95.32583355868398,12.308035559809873,10.18063736635648
1757143931.1406012,21.855164057889695,-95.55954188074978,12.059315925768175,9.97198661013735
1757143931.304009,21.46948931866403,-92.08133313922083,11.871253253064642,9.813931327939807
1757143931.4709122,21.131754369942744,-89.12783544435695,11.705668962082571,9.674598830527803
1757143931.632579,20.83640532179473,-86.19048749919598,11.565252640731849,9.556297785905404
1757143931.7941709,20.629122275706212,-84.17030505081088,11.466655779001314,9.472858087344997
1757143931.9557543,20.47862424221265,-82.74298009825813,11.395005480742373,9.411882320123743
1757143932.1175425,20.314585016948943,-80.71469835713916,11.322434205911323,9.35014552490308
1757143932.2798755,20.040993245883598,-81.6789634392822,11.148202087007023,9.203706988548976
1757143932.4428778,19.832402617555484,-82.59501526731809,11.013536773975696,9.09025115610456
1757143932.6062949,19.67359098124558,-83.46526450395218,10.909277671491601,9.002142845583268
1757143932.7712572,19.545332212365185,-84.29200127875457,10.823874880824722,8.929746093395046
1757143932.9361532,19.39350000039805,-85.07740121481683,10.724809441659094,8.845975988050856
1757143933.0993662,19.249776767345917,-85.82353115407598,10.631052755621385,8.766653072132199
1757143933.2614636,19.152738978783308,-86.53235459637217,10.565736237469114,8.711045943427932
1757143933.423926,19.106664281888822,-87.20573686655356,10.531421114108507,8.681274772278876
1757143933.5923138,19.070661283248484,-87.84545002322588,10.503600577476409,8.656876141391983
1757143933.7566388,19.034792651611692,-88.45317752206458,10.47620508284096,8.6328645505852
1757143933.9201424,19.080259897693214,-88.4463496396137,10.50498270748478,8.65566645245047
1757143934.0862086,19.09642493472994,-88.49586214420528,10.515526226184132,8.663253845922917
1757143934.2547407,19.08980572580472,-89.07106903699501,10.506110663619713,8.65419217253241
1757143934.4230657,19.084578440002762,-89.61751558514526,10.497872372711198,8.646114064149929
1757143934.5873206,19.0863830339328,-90.136639805888,10.494145106754928,8.641825118907521
1757143934.7483253,19.065628354434647,-90.3544602966727,10.480467882953842,8.629269574250596
1757143934.9083414,19.057512570868187,-90.83673728183906,10.47119050404719,8.620388912615702
1757143935.0724964,19.088814054904123,-91.2949004177471,10.48589030919018,8.63145802327459
1757143935.2348497,19.090154621232404,-91.73015539685974,10.482872338963915,8.627775756647605
1757143935.3949924,19.014696858890265,-92.13461671271011,10.434119067551753,8.586002262318031
1757143935.5559921,18.874748453934032,-91.71393552917422,10.356570029838306,8.520234871675274
1757143935.7186537,18.66941592511245,-90.06534774624578,10.254525428152116,8.434054485093768
1757143935.881603,18.453709411083388,-88.19914548344521,10.1488557685441,8.344863250707242
1757143936.0443084,18.16073718973576,-85.248307815291,10.009821207372315,8.22788551671497
1757143936.2090573,17.825975991717478,-81.68975528234505,9.853000958381209,8.096090443035289
1757143936.3691363,17.447793790260874,-77.25388230628322,9.680594879066172,7.951358072067605
1757143936.5345113,17.032370691629175,-72.22544417241436,9.492971206205116,7.793930904090444
1757143936.6944754,16.552428244427173,-73.61417196379364,9.189547152358022,7.54007240257565
1757143936.8567214,16.058768223654788,-74.93346336560396,8.8787008018993,7.280049478171354
1757143937.0210521,15.598318745081606,-76.18679019732376,8.588547617499273,7.037291470567565
1757143937.190083,15.1288716961103,-77.37745068745757,8.293739143296527,6.7906613411805745
1757143937.3554919,14.653242305984046,-78.50857815308468,7.995870157198283,6.541535371461176
1757143937.5168643,14.172195476558256,-79.58314924543045,7.695362298438026,6.2902662458248235
1757143937.677966,13.695686737848446,-80.60399178315892,7.398180293160835,6.041803451092633
1757143937.8356152,13.229351731285918,-81.57379219400097,7.107655886824645,5.798937943702949
1757143938.000593,12.729646561084385,-81.71501873725502,6.807053326219956,5.547673093169642
1757143938.160178,12.204953185380782,-80.94394065195478,6.502334903178697,5.293037186170843
1757143938.32096,11.645912514207978,-79.41584762326329,6.186056025595341,5.028797780871356
1757143938.4783528,11.106051235173451,-77.6909382300762,5.883589761407825,4.776116235285963
1757143938.6361141,10.580447858905387,-75.75580442739806,5.592164514720412,4.532665885178713
1757143938.793115,10.102313318867298,-74.08444143686312,5.326016901854025,4.310312245065018
1757143938.9507105,9.643832827675213,-72.36807050790325,5.072170937976512,4.098235708758574
1757143939.1081839,9.192706987077472,-70.46877232155838,4.824899850972558,3.891665770323152
1757143939.2685118,8.76634565350786,-68.72058604770457,4.5906538554248195,3.6959669662768846
1757143939.4250648,8.371922056769394,-67.27431886079785,4.371904887582127,3.5132178397767184
1757143939.584137,8.00669645950229,-66.11150871762368,4.167254918343484,3.3422331425749086
1757143939.7409315,7.659146222479935,-65.05237455066339,3.971932856627129,3.1790493657333334
1757143939.8974571,7.320092956580128,-63.97365490149935,3.781918133915882,3.0203099292750704
1757143940.0564582,7.015259494721428,-63.22719288243756,3.6084329259698036,2.8753578185363384
1757143940.2174635,6.735077765407719,-62.70241675729762,3.4470624483110104,2.7405147151308835
1757143940.3743296,6.475512184184224,-62.4256062374259,3.295054688129013,2.613500029717853
1757143940.5340526,6.22564720472431,-62.09644571467814,3.149483743962061,2.4918591452153738
1757143940.6918786,5.971997070239971,-61.77680466521132,3.0015031026282153,2.3682304884678724
1757143940.8491404,5.732373640468359,-61.42951773853034,2.8622506282859317,2.251891642848876
1757143941.0069273,5.502220214659083,-61.095840351664854,2.7285003948431736,2.1401517038128928
1757143941.1627066,5.305451087347073,-61.05061292453571,2.6112997734803387,2.0422194144281796
1757143941.3165984,5.111339218995802,-60.842111704883635,2.497634333613043,1.9472484924490647
1757143941.4725683,4.910830057862143,-60.38260995569902,2.383131650868672,1.8515889293740815
1757143941.6292288,4.713664742651188,-59.792350040494625,2.272191120206279,1.758908870920648
1757143941.7839026,4.527033106213285,-59.239214967974284,2.1671082523451686,1.6711244034268995
1757143941.9434526,4.360573628484407,-58.856817551179574,2.0720752994129996,1.5917186387304079
1757143942.0991297,4.218015412481863,-58.805099300878894,1.987397755673884,1.5209567132321427
1757143942.2549946,4.107101379824307,-59.14526273183104,1.9169952647551867,1.4620980625938431
1757143942.4126093,4.0198008796006395,-59.848742164209206,1.8563956769402248,1.4114130181582276
1757143942.570313,3.9350421459881915,-60.50796483077902,1.7978445702226034,1.3624414246863057
1757143942.7263165,3.837814304216507,-60.88656629932307,1.7351690138769342,1.3100414891150227
1757143942.8826208,3.744056610598775,-61.23411000889305,1.6749408245560613,1.259687205210457
1757143943.0407803,3.647475275315723,-61.45326312050894,1.614553431281207,1.209205006452772
1757143943.197215,3.5578733993291727,-61.743470753057714,1.5574915106315583,1.161501992134009
1757143943.3549366,3.4697182950460785,-61.97608900922807,1.5019829053084792,1.1150982574307586
1757143943.5121799,3.3744305569161654,-61.97160905217486,1.44503188430352,1.0674991879363342
1757143943.671552,3.2834976562180316,-61.92863486940254,1.3911507828924579,1.0224624794149904
1757143943.8285258,3.1874605323773904,-61.78907015321513,1.3353564641382623,0.9758395646565439
1757143943.9861195,3.0827519149191347,-61.449723075608084,1.2767495354972687,0.9268787267034865
1757143944.1434288,2.979897720424017,-61.02684076551664,1.220249985705492,0.8796804525568421
1757143944.3044212,2.889238996969955,-60.90188556043172,1.1674887396328295,0.8356006428806602
1757143944.4622147,2.8188502604603087,-61.00296304296922,1.12416868125695,0.7993954998004621
1757143944.6176424,2.774937570502097,-61.536226679761185,1.0915419343074428,0.7721065184534367
1757143944.774766,2.7368785057358425,-62.13830557404461,1.0615989311651974,0.7470561971274752
1757143944.9370549,2.695727781275695,-62.64100752861874,1.0309931545752247,0.7214538153516601
1757143945.093027,2.655446773796078,-63.18930650216339,1.0003534909615317,0.695830321876405
1757143945.2496161,2.599707603183743,-63.383472768852094,0.9646842853105877,0.6660190739033505
1757143945.4092464,2.5441310522367444,-63.47999546524835,0.9302818091271675,0.6372655714658887
1757143945.5688078,2.504859595650374,-63.868976343841396,0.9021490960435841,0.613740034386773
1757143945.724488,2.4974271036150477,-64.88499064615615,0.8855908139293722,0.5998636453459623
1757143945.883186,2.491298130960693,-65.842341760821,0.8705184095248208,0.5872256478721365
1757143946.0424633,2.472104973813751,-66.50246390007487,0.8511719999213081,0.5710278479061267
1757143946.2038693,2.4475476720529947,-67.04895439830842,0.8299690376318634,0.5532842920434131
1757143946.3633175,2.423365072376355,-67.58745211296332,0.8090829287530931,0.5358080150585444
1757143946.5204117,2.3967066647295985,-68.00163800951242,0.7881990899303907,0.518336952269675
1757143946.6832378,2.365949698249558,-68.3333333001989,0.7658459122799486,0.49964151612278984
1757143946.8413486,2.3137174711247845,-68.14977591863622,0.736784434062001,0.47536097637603003
1757143947.001818,2.245082496835742,-67.56721140096369,0.702665933007683,0.44686913440823406
1757143947.1623933,2.1133602775854428,-65.67496085059933,0.6464038216276948,0.399930530286728
1757143947.3214738,1.945666543825113,-63.0636874307958,0.5771773039169934,0.3421963976045985
1757143947.4815533,1.7671858117724073,-60.20873640142673,0.5043933402983384,0.2815055418719363
1757143947.6394837,1.5777685625808817,-56.85825043374949,0.4309836143174167,0.22030177695294595
1757143947.7998405,1.3901753052358343,-53.542012373426765,0.3582481202496032,0.15966752888364955
1757143947.9567487,1.2201977017591683,-50.452812584070614,0.2933485207574563,0.10557072503887799
1757143948.1158528,1.0790449312246613,-47.855170631643965,0.2398382624624372,0.060970759295890964
1757143948.27535,0.9730492407451999,-45.761977987512935,0.20136377022992058,0.028904840497470607
1757143948.436395,0.8915321425251549,-44.10802215454354,0.1723017359287773,0.004685849717142032
1757143948.5944536,0.8340248381962146,-42.860333601748,0.15276778425197504,-0.011590916919372696
1757143948.7496347,0.7981446335788844,-41.94748965115279,0.14219062227691562,-0.0204025797220857
1757143948.9079435,0.778994570431358,-41.40124765684588,0.13725160731000596,-0.024515191352779853
1757143949.0658782,0.7757916636709213,-41.20416787135466,0.13769100709824797,-0.024145846878085964
1757143949.220771,0.7893921552172947,-41.2846012624549,0.1448832901316106,-0.018149935015901675
1757143949.378005,0.7922943122355208,-41.139013052664666,0.14836924613963165,-0.015242974408886278
1757143949.534794,0.7959745896666905,-41.088980925727235,0.15117577517917963,-0.012902514423927092
1757143949.6883843,0.8025288605858066,-41.06601076127681,0.15538253662903428,-0.009395677319864737
1757143949.843591,0.795311396614782,-40.763252863899,0.15468360451093627,-0.009976830331598963
1757143949.999785,0.7780309563192411,-40.28399334265229,0.15006429528211038,-0.013824455266902347
1757143950.1564693,0.7461430624670833,-39.48625962553188,0.1405009494641575,-0.021791065021777134
1757143950.3112335,0.7051144840339518,-38.568369640776275,0.12689335510123317,-0.033126454390786875
1757143950.4658077,0.6618486316918046,-37.58443434355191,0.11273412564008378,-0.04492002758961683
1757143950.619594,0.6271008161403512,-36.73817237368876,0.10203229966389411,-0.053831315666712065
1757143950.775694,0.5944421162332482,-35.769444888274585,0.09405236922808317,-0.06047339076612179
1757143950.9292336,0.5751989100495096,-35.10350386715797,0.09048799645664608,-0.06343558364682489
1757143951.0845816,0.5992351138008793,-35.27747639413698,0.1028137918706795,-0.05315720704093013
1757143951.2394729,0.6356514627975725,-35.59344132717671,0.12086611917086351,-0.03810868187298089
1757143951.3927207,0.682944404927927,-36.18012897151124,0.14219851736241648,-0.020329087251148903
1757143951.5485067,0.7593031947370725,-37.401105280504034,0.17336295426883533,0.005640544563495942
1757143951.7053413,0.8475911868938346,-38.86134443481379,0.20881839744759906,0.035182149098779425
1757143951.8611312,0.9491891742410374,-40.61462578485044,0.24874847629669383,0.06844832927201433
1757143952.017646,1.0353936678796019,-42.09394698584229,0.2827344630966155,0.09675736408137803
1757143952.17263,1.1007339388427688,-43.218534685988644,0.3084618895893901,0.11818162256149795
1757143952.3287208,1.1274206100685076,-43.65174514346167,0.31929521648874565,0.1271928535996371
1757143952.485893,1.1290424014969211,-43.62499570824903,0.3206094492485766,0.12827124366597026
1757143952.6421156,1.1286125797581041,-43.51194851377896,0.32172830415790177,0.12918680474126243
1757143952.7974336,1.102149804197132,-42.910706118149825,0.3130844924194979,0.12196784091706775
1757143952.9599168,1.0683591015877927,-42.13245682679921,0.30216739869095377,0.1128549825259042
1757143953.111751,1.013217468843408,-40.89914645875637,0.2838969652453828,0.09761726983414026
1757143953.2656062,0.9437029384536247,-39.34539621093757,0.2608453120274033,0.07839750711743665
1757143953.4216523,0.8841259076510435,-37.955437391677926,0.24178835342150073,0.06250857990874248
1757143953.576852,0.8553045560517746,-37.14830578088309,0.23418983938863006,0.05616922021705634
1757143953.732789,0.8568385433275397,-36.849536026354315,0.23870481288934164,0.05992391140022668
1757143953.885712,0.8635200502040933,-36.509764322235085,0.24680117198524887,0.06666238187969575
1757143954.0409431,0.8772790540739698,-36.33180799699247,0.2572037417870709,0.07532144706706023
1757143954.1981118,0.9250487967342697,-36.96431389536062,0.2782901155086138,0.09288125941352865
1757143954.3546977,0.9582444608022802,-37.25973147085626,0.2946791808322993,0.1065249156925775
1757143954.5064042,0.9618490806042682,-36.9042893194631,0.30112423353906326,0.11188164710750309
1757143954.6606858,0.951712721315876,-36.370992444584914,0.3014592820632414,0.11214643621208886
1757143954.8135953,0.9314555317575361,-35.67257059564058,0.2977026984617098,0.10900205992236228
1757143954.9677973,0.890748941117912,-34.54798394741983,0.28678918742586135,0.09989463108475771
1757143955.1201615,0.8147332201934555,-32.74975334989281,0.2627706915955881,0.07986907659779963
1757143955.2740564,0.7343620959927504,-30.90640440004954,0.23667714863328776,0.05811700399587977
1757143955.424677,0.6299276132195563,-28.52893658178046,0.20255054214721463,0.02967444079197351
1757143955.5757873,0.5240239530671539,-26.03083810321634,0.16898578523686958,0.001703595501413524
1757143955.7276711,0.41080567224576636,-23.522481336757913,0.1311505687495057,-0.029821977244695957
1757143955.8815937,0.32079899444745813,-21.404524918235445,0.10255377985733026,-0.05364575195862539
1757143956.036261,0.24582980402150242,-19.48390099013373,0.08060862832294473,-0.07192410789058608
1757143956.1916711,0.17282476039177738,-17.515141788863126,0.06041692301831707,-0.08873903769274256
1757143956.3453279,0.08771592488759987,-15.582228422717087,0.03252937667758282,-0.11196432178337093
1757143956.502029,0.09322648451060574,-14.9213022952557,0.043750748630434266,-0.10259978069725414
1757143956.6606603,0.2012439026938279,-15.907043172619378,0.09672303909157705,-0.05844848037927984
1757143956.8145278,0.15928911286404523,-15.870597378429327,0.07197534919604506,-0.07906141735227065
1757143956.9705286,0.20629867078781378,-16.846626988267627,0.08845853919706921,-0.06531693448876938
1757143957.124972,0.2587943251314187,-18.202705863768795,0.10367485705212004,-0.0526298960719786
1757143957.2806873,0.18644046650462376,-18.589576796166295,0.055605659341807556,-0.09267553470935108
1757143957.4358006,0.3500515448334453,-21.188797449766184,0.12257594054041471,-0.03686220208093918
1757143957.5897605,0.49746083377982236,-23.844849825813032,0.17915046840956944,0.01028191863178085
1757143957.7462006,0.678996555022655,-26.72387541618742,0.25353489811083385,0.07225952334945329
1757143957.9054961,0.8246811672167432,-29.515625828727654,0.30746332739146487,0.11718432532109507
1757143958.0601788,0.8724557560593516,-30.828779435667734,0.3203900259675069,0.12794008367299842
1757143958.2169585,0.9179288647388516,-32.30694743562507,0.3299571823430423,0.13589495801317508
1757143958.3782175,0.986267381581102,-33.24481261114606,0.35973182278504495,0.1606855646790904
1757143958.5343947,0.63884104787192,-26.582571980588757,0.23123128000818366,0.05359480413007239
1757143958.6924129,0.3111298285319128,-20.25344338155932,0.11054666951292963,-0.046969519549636796
1757143958.8477643,-0.09255878207345486,-14.240771212481352,-0.0595437451566056,-0.18868710316154094
1757143959.0042975,-0.2900871721247504,-8.528732651857284,-0.10955237040996901,-0.23033091258094804
1757143959.1595,-0.12479562689589319,-4.08735232419606,0.0429030932920582,-0.1032713366899072
1757143959.3145044,-0.42915378981074215,1.1170152920137428,-0.07729092279887984,-0.20340674198523365
1757143959.47107,-0.8260165177243799,6.061164527413055,-0.25613394218489705,-0.3523966135880594
1757143959.6272144,-1.3270118630265153,10.758106301042403,-0.5004546466624349,-0.5559248685028336
1757143959.7821007,-1.9288917081076113,15.220200985990283,-0.8081632317994455,-0.8122438441939028
1757143959.9415348,-2.649744962820639,19.459190936690767,-1.1899875088452625,-1.1302805720434117
1757143960.1028848,-3.3941355947760425,23.48623138985623,-1.5885333304984222,-1.462205483489459
1757143960.2605608,-4.196799725681772,27.311919820363418,-2.024511343398049,-1.8252806646372517
1757143960.415321,-4.857445712755838,30.946323829345246,-2.377614069970364,-2.1192596180844663
1757143960.5723035,-5.421548982537968,34.399007637877986,-2.675015369686755,-2.366784414890204
1757143960.7283683,-5.950676478021665,37.679057255984084,-2.9535368051943705,-2.598547666450992
1757143960.8844154,-6.459362231909888,40.79510439318488,-3.2217960254559976,-2.8217300720230956
1757143961.0398984,-6.934188176253114,43.75534917352563,-3.4716397018369967,-3.0295405963913007
1757143961.1931207,-7.391232715652128,46.56758171484935,-3.712614523960572,-3.2299405406775707
1757143961.345447,-7.9557873480274806,49.23920262910688,-4.019818792790796,-3.4855016477226717
1757143961.4994946,-8.582070436985969,51.77724249765153,-4.365713419506883,-3.7732627935164693
1757143961.655487,-9.346740280157421,54.18838037276895,-4.796226156748566,-4.1314863363510215
1757143961.8081725,-10.142304095464736,56.4789613541305,-5.24676555678467,-4.506362434191063
1757143961.9643788,-10.915212370153169,58.65501328642397,-5.685158776777766,-4.871056052212345
1757143962.120183,-11.632157649930422,60.72226262210277,-6.0913304842609755,-5.208856198744183
1757143962.2737362,-12.273692868172425,62.68614949099763,-6.453531073820234,-5.5099849391762366
1757143962.425752,-12.834667858400278,64.55184201644775,-6.768605063689931,-5.771815509035662
1757143962.5773225,-13.29495778090995,66.32424991562536,-7.024417266317906,-5.9842363912987215
1757143962.7281775,-13.729366748401317,68.00803741984409,-7.265790153328043,-6.184603000002218
1757143962.8815465,-14.094380802338671,69.60763554885187,-7.466577480919521,-6.351114045680816
1757143963.0327759,-14.404292652114314,71.12725377140927,-7.635270776752843,-6.490873788343064
1757143963.184082,-14.671782773384331,72.5708910828388,-7.779441363054412,-6.610182475863778
1757143963.3376322,-14.9227497374678,73.94234652869686,-7.914596231184475,-6.721951403446932
1757143963.4898424,-15.149465529708179,75.24522920226201,-8.036029484940679,-6.822280472831469
1757143963.641771,-15.338134640612905,76.4829677421489,-8.135427093275895,-6.904237642884963
1757143963.7974129,-15.487846827954817,77.65881935504146,-8.212228593219722,-6.967335220426994
1757143963.9536018,-15.610597564407417,78.77587838728938,-8.273570378973725,-7.017539998330815
1757143964.1048512,-15.704508356200474,79.83708446792491,-8.318249301991958,-7.053883333420988
1757143964.2563639,-15.775182272344308,80.84523024452866,-8.34962843736836,-7.0791388337268675
1757143964.4138205,-15.821172475896281,81.80296873230223,-8.36684649480036,-7.092556550625118
1757143964.5686474,-15.800085270482205,82.71282029568712,-8.344371045238653,-7.0729144322842314
1757143964.7211506,-15.719400026275721,83.57717928090277,-8.28665875776389,-7.023928220328833
1757143964.8761787,-15.495575353483662,84.39832031685762,-8.143580550318507,-6.903804473573255
1757143965.03296,-15.195404244195709,84.42908217271884,-7.964167453771842,-6.753411300370666
1757143965.1910534,-14.890513935779259,83.81473675243738,-7.789650031720437,-6.607109600365256
1757143965.3459454,-14.580522073447693,83.20075963466415,-7.612023005193424,-6.458253440377205
1757143965.5035455,-14.262179744723428,82.72320112985965,-7.427741636732523,-6.3038578610631175
1757143965.6592338,-13.953233021357494,82.00919111303952,-7.251900366991518,-6.1565245995483515
1757143965.8164368,-13.635055284664924,81.36806841041488,-7.06963116162649,-6.003846958228313
1757143965.9772267,-13.338962691940466,80.72015220302889,-6.900693220017939,-5.862279823939944
1757143966.1357212,-13.061621057015378,80.44367141782861,-6.738513583872695,-5.726373814329403
1757143966.2955484,-12.776954978377255,80.28455814417839,-6.570516049374765,-5.585631907746843
1757143966.453063,-12.506418896900714,80.40200443130541,-6.407643231468534,-5.449189404137303
1757143966.6121337,-12.20994221322511,80.03655318129776,-6.23498652342266,-5.304605574799577
1757143966.771159,-11.90139300619697,79.30735888404928,-6.059427551030789,-5.157622914257993
1757143966.933706,-11.545162076208777,77.73897389577942,-5.865321600160733,-4.995191299146595
1757143967.0926235,-11.183861566316184,75.64502294268968,-5.674437122427361,-4.835480553731195
1757143967.2514691,-10.772382995580177,72.85613565282448,-5.461756412957591,-4.657630141261843
1757143967.4116936,-10.34392712914925,69.64880307520033,-5.243887974184762,-4.475475533822622
1757143967.5723698,-9.900846043067993,66.04747907325,-5.0219445432042145,-4.289948230801497
1757143967.728683,-9.477243787940273,62.596193238140664,-4.809841491934357,-4.112659961588729
1757143967.8862007,-9.048929352115723,58.48058912738109,-4.602860640950921,-3.9396587847840503
1757143968.04494,-8.595796886876672,54.13515330657111,-4.383722714138375,-3.7565469103726246
1757143968.2051451,-8.115450007325089,48.98263777533679,-4.15791636502786,-3.5678986259091765
1757143968.3661065,-7.6139209285134,43.202578228488896,-3.9269028729162203,-3.374934681971811
1757143968.525796,-7.110302568874381,37.376489768114254,-3.695152912224047,-3.181386386756048
1757143968.683511,-6.633782942425749,31.659595897994674,-3.4783170796859615,-3.0002955122329276
1757143968.8435686,-6.163017264371081,26.068978316229703,-3.263396573810704,-2.8208188490232438
1757143969.0069485,-5.688421610789215,20.365792614529546,-3.0475088271447732,-2.640552879249312
1757143969.1709907,-5.21136265755383,14.347502983803068,-2.833896828376643,-2.4622062989388844
1757143969.3353052,-4.720376939303214,8.630127834612914,-2.608287544341788,-2.273887191305478
1757143969.4954581,-4.305049475223032,3.3183090954701573,-2.4231723100052136,-2.1193416466568142
1757143969.6560254,-3.9833006554650234,-0.47410858708655423,-2.2759525702561767,-1.9963914136033774
1757143969.8157775,-3.734555218529365,-3.095642034075,-2.1584669744920464,-1.8982340296054325
1757143969.9801393,-3.539148534055629,-5.109591621824375,-2.0656896073351416,-1.8206701832460583
1757143970.141626,-3.354693217059249,-6.546522891258059,-1.972541023200877,-1.742811837442205
1757143970.3011448,-3.173588368625701,-8.242176864493008,-1.8844922393772034,-1.6692159529577806
1757143970.4617698,-2.975129886135158,-10.504798131436814,-1.7928244162285543,-1.5926129243819471
1757143970.6251743,-2.717386489591462,-13.564899869152082,-1.675143748215385,-1.4943422434872518
1757143970.7907135,-2.477066843914379,-16.661097166954242,-1.5683389352874628,-1.405144393626732
1757143970.954133,-2.2250677593022785,-20.255313960828207,-1.4604849997120992,-1.3150870192594213
1757143971.1159358,-1.978736060370673,-24.064445006561208,-1.3585945952008918,-1.2300124802509487
1757143971.2744234,-1.7274140940449492,-27.79379416736596,-1.252734543767218,-1.1416449886961342
1757143971.4330568,-1.4734023576006057,-31.40410445899766,-1.1438179032753975,-1.0507422233902795
1757143971.5938735,-1.2274797754261417,-34.83389923604778,-1.037576613286615,-0.9620788800735487
1757143971.7571342,-1.009447018000965,-38.09220427424539,-0.9460012087118856,-0.8856455517429364
1757143971.9187407,-0.850246019868861,-40.64081252061612,-0.881198293434017,-0.8315311351405917
1757143972.0794587,-0.7189005477461912,-42.32178993047399,-0.8226885258614962,-0.7826681731778355
1757143972.2399094,-0.6156878878744456,-43.55571683714853,-0.7756873320451232,-0.7434011123087081
1757143972.402852,-0.5429131954479627,-44.349141856497155,-0.7416601135375244,-0.7149480162889529
1757143972.5640428,-0.47518270920614314,-44.81375644946331,-0.706707731210002,-0.6857289190977047
1757143972.7205842,-0.4069510164395463,-45.59013138638956,-0.6751884321712853,-0.6593768220836688
1757143972.8771105,-0.3436395376333313,-46.39594261949928,-0.6469708001114197,-0.6357791950116585
1757143973.0363834,-0.28387107023977054,-46.95216687371718,-0.6178817955032343,-0.6114572038570572
1757143973.1998541,-0.23247695854220463,-47.48686386602986,-0.5935583206906484,-0.5911071179314009
1757143973.3597212,-0.18868662661679575,-47.84772880261118,-0.571706074547388,-0.5728206013345096
1757143973.520606,-0.14424460390259414,-48.25635230358169,-0.5500335821577709,-0.554685824987114
1757143973.6826112,-0.12150270388620207,-48.48714106505056,-0.539246302303612,-0.5456227625936066
1757143973.8473966,-0.09576216055743152,-48.67429657741082,-0.5261359433607528,-0.534624046052824
1757143974.01385,-0.08827563496284327,-48.65674214130151,-0.5215217132008535,-0.5307052388944367
1757143974.176055,-0.0799621384914717,-48.59809193151426,-0.5159151253262741,-0.5259619885608785
1757143974.3387012,-0.09373900090626884,-47.95814667026569,-0.5165875245622136,-0.5264509671557913
1757143974.5016766,-0.140743094237878,-46.67953121449899,-0.5295341391315823,-0.5371668592639289
1757143974.6664305,-0.1761083440727218,-45.39922744430138,-0.535478948322147,-0.5420464464793747
1757143974.8274863,-0.17528994405358164,-44.88249044495008,-0.5288734642425919,-0.5364698764762916
1757143974.9954467,-0.13269872613633346,-45.134666620029236,-0.506431801879542,-0.517696029268459
1757143975.1590474,-0.04915861080577409,-46.13120744369086,-0.4683457090504236,-0.4858913798397957
1757143975.3214295,0.07734577654832689,-47.872129371311004,-0.41340559954192446,-0.44004840543894663
1757143975.4852924,0.18900713085216664,-49.44740527274057,-0.36537762305125493,-0.39997048730132234
1757143975.6467183,0.2884759775909609,-50.93791686029982,-0.32364140258676066,-0.3651411798075178
1757143975.8095453,0.4037872670598015,-52.825717214794594,-0.2771613753607669,-0.32636353861804523
1757143975.9749768,0.5462651066563353,-55.1403056063742,-0.21949576773812413,-0.2782705027355743
1757143976.1390429,0.6936773361715409,-57.38329032605549,-0.1580014885563204,-0.22699423517478445
1757143976.300968,0.8339725600535767,-59.51412580975271,-0.09942322702552754,-0.17815497807073882
1757143976.4640768,0.9872248583547614,-61.53841951926508,-0.0317832352764722,-0.12177176601527007
1757143976.6252177,1.0999298843579217,-63.46149854330182,0.012749193045631727,-0.08465004325405734
1757143976.7838745,1.1773496503824876,-65.0231499497549,0.04045146838311996,-0.06155667430630518
1757143976.9444957,1.2341343833441676,-66.14004016650054,0.06111250467557883,-0.044333209992921674
1757143977.1061296,1.297736559288043,-66.99852048849777,0.08896863319068447,-0.02111692524095632
1757143977.2671628,1.3728179477428608,-67.5687520873639,0.12717641359423698,0.01072145299779137
1757143977.4239945,1.4504213140047046,-67.60717506344004,0.17328506229246637,0.04913890636795193
1757143977.5828078,1.5346707041417191,-67.41573118148385,0.22614682388573742,0.09317804025602106
1757143977.7419996,1.6169701097991962,-67.14710030783446,0.278771850231304,0.13701405182125348
1757143977.9040565,1.819770619735872,-67.93260456063122,0.3910634684998764,0.23055926426162388
1757143978.0642643,2.228669316761163,-69.53597433259965,0.6172293714802983,0.41897491505458506
1757143978.2254055,2.8386678692031344,-71.05917561596966,0.9650642802097936,0.7087421784418706
1757143978.3871179,3.541601514469784,-72.50621683517117,1.3696291078237492,1.0457385888831803
1757143978.5485334,4.3221397706554745,-73.88090599341261,1.8216853656706686,1.422260825393611
1757143978.712177,5.125593882128804,-75.18686069374198,2.2883827229800384,1.8109283341269822
1757143978.8734312,6.006261629123438,-76.42751765905487,2.8022565102601056,2.23885563797117
1757143979.0359004,6.874332050627471,-77.60614177610212,3.3093876154478674,2.6611046075527143
1757143979.197383,7.744101165869535,-78.72583468729701,3.8183108921935225,3.084792236061797
1757143979.360661,8.60920800485389,-79.78954295293215,4.325183085185179,3.5067085728976237
1757143979.52162,9.598528908016958,-80.80006580528554,4.907291768431618,3.991263795955623
1757143979.6821136,10.616619487610006,-81.76006251502126,5.507346891152154,4.49070911865479
1757143979.8436553,11.705176902816907,-82.67205938927019,6.150349266223071,5.025867857515752
1757143980.0037878,12.86017150616239,-83.53845641980668,6.833845174178584,5.594701188883128
1757143980.1633406,13.96716293085427,-84.36153359881634,7.489142731216323,6.139966129438972
1757143980.3171654,15.018804784311556,-85.14345691887551,8.111768951045642,6.657967822967023
1757143980.4767504,16.017864545095975,-85.88628407293173,8.70343192037722,7.15006943181867
1757143980.6315212,16.966971317841175,-86.59196986928514,9.265606671701759,7.617565960227736
1757143980.78815,17.868622751949115,-87.26237137582088,9.79981541462071,8.061687662216348
1757143980.9465208,18.725191614351658,-87.89925280702982,10.307457768016546,8.48360327910553
1757143981.1018624,19.538932033634076,-88.50429016667833,10.789821668695684,8.884423115150256
1757143981.2583551,20.311985431952372,-89.07907565834441,11.248205829567695,9.265201959392742
1757143981.4124992,20.97981053779616,-89.62512187542718,11.643827575446716,9.593654050143808
1757143981.5669966,21.477409576183447,-90.14386578165582,11.937681854244143,9.837266130275166
1757143981.7232695,21.21168614632447,-90.63667249257303,11.77384987866802,9.699476348236505
1757143981.8801765,20.955081808032904,-91.10483886794437,11.615770382069474,9.566492515337009
1757143982.0376322,20.82126700290958,-91.54959692454715,11.531639474734495,9.495137532209318
1757143982.1913855,20.79275810756757,-91.97211707831978,11.510920938069503,9.476657883000586
1757143982.351469,20.77366778290818,-92.37351122440379,11.496164850164332,9.463098779210053
1757143982.5114493,20.64363631789607,-92.7548356631836,11.415073025240517,9.394269802316199
1757143982.6731477,20.441447654619672,-93.11709388002441,11.290914867188757,9.289552888509592
1757143982.830026,20.01624898442836,-90.47054552147242,11.068982291192851,9.103419036999455
1757143982.9831927,19.484627847996858,-86.22917464131096,10.802266215976095,8.88002217758532
1757143983.1365685,18.958027957748502,-81.76573440051358,10.541196049074754,8.661356634869115
1757143983.2875488,18.356876199372188,-76.25932624722985,10.247852494034506,8.415844837213795
1757143983.4422097,18.042975498915908,-77.44635993486835,10.046543181680176,8.24702415010927
1757143983.5921328,17.711992285646136,-78.57404193812494,9.835630933448673,8.070255723441818
1757143983.7434168,17.260959884422302,-79.64533984121869,9.553341117943196,7.834026543798965
1757143983.8968081,16.776588400058365,-80.66307284915774,9.251668222994615,7.581663471537605
1757143984.0450642,16.13785320307791,-79.74562011917544,8.880514741840354,7.271470400347201
1757143984.19527,15.809720642335025,-80.75833911321666,8.672548484461807,7.0972769300353455
1757143984.345478,15.14986745180534,-78.58587149074675,8.303726079603637,6.7890750109952025
1757143984.4965522,14.638365309226058,-77.69463657862397,8.00850782774568,6.542236288826789
1757143984.6455364,14.444899239885972,-78.80990474969276,7.880003543201623,6.434350572446059
1757143984.7945054,14.038580233664073,-78.64042467944445,7.639174610268482,6.232885870037592
1757143984.9464483,13.591921941509067,-77.29699559329937,7.388215936578461,6.02299101482154
1757143985.1014047,11.162325844433614,-68.4321458136344,6.037595380901183,4.896841464080463
1757143985.2537534,9.335129390163592,-60.010538522952686,5.042956281033233,4.0674593098522696
1757143985.4073656,7.118372920655412,-52.01001159680505,3.8093756282012152,3.0390863443596556
1757143985.5550478,5.012454274622641,-44.40951101696479,2.6373349842717984,2.0621320271416725
1757143985.7064242,3.011831560891509,-37.18903546611655,1.5237787244529895,1.1340254257845892
1757143985.8607337,1.1112399828469335,-30.329583692810722,0.4657761311930104,0.2523241544953595
1757143986.018982,-0.6943220162954133,-23.813104508170184,-0.5394559572046318,-0.5852920532294086
1757143986.1806464,-1.1682006668386749,-18.58405740654097,-0.7611590670782511,-0.7699409074847472
1757143986.3322842,-2.859790633496741,-12.654854536213922,-1.7051986001382324,-1.55644386211051
1757143986.4892738,-4.466801101821904,-7.022111809403224,-2.602173630572311,-2.3036216690049844
1757143986.6445594,-5.0334805112236065,-1.671006218933063,-2.878361376398903,-2.533450317801134
1757143986.8022442,-3.97486554862019,-6.58745590798641,-2.302513568509689,-2.053307333389959
1757143986.9584162,-5.200678526529757,-1.258083112587089,-2.974456932436343,-2.6129200943907493
1757143987.1120272,-6.690644600203268,3.8048210430422653,-3.808189796542069,-3.3072740896712114
1757143987.2692459,-8.106112370193104,8.614579990890151,-4.600376995260941,-3.9669103851876506
1757143987.424289,-9.450806751683448,13.183850991345643,-5.353074595801101,-4.5935648659282675
1757143987.5789886,-10.728266414099275,17.52465844177836,-6.068263388941039,-5.188886622631854
1757143987.733279,-11.941853093394311,21.648425519689443,-6.747818071698381,-5.754442291500261
1757143987.8868291,-13.094760438724595,25.56600424370497,-7.393517606271826,-6.2917201769252475
1757143988.043088,-13.195204253870275,28.645371954493353,-7.417817667479705,-6.3111484073902036
1757143988.199434,-13.45941578952881,32.213103356768684,-7.534533634504569,-6.407576861196718
1757143988.3554387,-13.476406671881593,34.12008124557087,-7.522842359472443,-6.397002523485088
1757143988.515327,-13.635303184753578,37.41407718329233,-7.579682571551074,-6.443510820543866
1757143988.6737332,-13.579946030276641,37.82353804275564,-7.542570417087033,-6.411737634710764
1757143988.8289778,-13.164159836016836,36.890289702782155,-7.305262208652171,-6.213177020980597
1757143988.9919217,-12.716874371529226,37.82177981816795,-7.026687492763578,-5.980219387582934
1757143989.155602,-11.868918607664678,33.575520386585715,-6.5697855506139495,-5.598704099966482
1757143989.319537,-10.87116569333369,27.339367505684162,-6.046813892405004,-5.162189171610003
1757143989.4831233,-10.197002998495496,22.760900869901906,-5.698054691437351,-4.870892490548728
1757143989.646882,-9.050569568007367,16.62285582640681,-5.0845650353463006,-4.359056225739615
1757143989.8080842,-8.201343329978702,10.791713035086469,-4.6456466325300685,-3.992754534638486
1757143989.9674363,-8.365938753506622,15.252127383332144,-4.6915211804580546,-4.03044810291999
1757143990.1262174,-8.650565399815665,19.489521014165536,-4.812104243384697,-4.130387489766178
1757143990.2829165,-8.574701763575797,23.51504496345726,-4.718914776821869,-4.0522004321533265
1757143990.446938,-8.581532147046177,27.339292715284397,-4.6777808975833475,-4.017373146370245
1757143990.6058779,-9.774232311239277,30.972328079520178,-5.350532194575757,-4.577392874824437
1757143990.7654994,-10.619641064634832,32.97710942639866,-5.834514973113298,-4.980049438053429
1757143990.9195807,-11.83865901140309,36.32825395507873,-6.526568088692658,-5.556046966150758
1757143991.0736759,-12.996726060832934,39.313348825684166,-7.186527950293481,-6.105229542159625
1757143991.226204,-13.448226713815457,33.64635081799371,-7.526406610889345,-6.387649848727791
1757143991.3778574,-14.519213090832203,36.96403327709402,-8.130231174700311,-6.889966212645161
1757143991.5319479,-15.356987253795475,40.115831613239315,-8.596195487747158,-7.277335310765345
1757143991.6890364,-15.83347030001073,43.110040032577345,-8.847330666388292,-7.485634749679591
1757143991.8488188,-16.095883374823423,45.95453803094848,-8.971857049253494,-7.588396307102227
1757143992.010369,-16.095873313290504,48.65681112940105,-8.940644962701837,-7.561368545351241
1757143992.1721518,-15.882015020932252,51.223970572930995,-8.782726205542449,-7.428767804736816
1757143992.3369408,-15.571202558002094,53.662772044284445,-8.568167671321861,-7.248973558558203
1757143992.5042472,-15.10556383494055,54.46186801543448,-8.280367789871976,-7.00816323731593
1757143992.6712985,-14.623282784077922,54.59645588907682,-7.990514468486417,-6.765676833148193
1757143992.8379722,-14.056801164309908,53.82512728102434,-7.660963037599883,-6.4901493093447105
1757143993.001316,-13.56983561113744,53.35140975059129,-7.375489453706478,-6.251403708062807
1757143993.1636164,-13.049668930525637,51.9234514609377,-7.081499664369951,-6.005599950653441
1757143993.3213382,-12.49917357308398,49.50417541232014,-6.781141361610854,-5.754545032418788
1757143993.4845374,-11.95343231047783,46.78839373616366,-6.487185131422869,-5.508832217877278
1757143993.651357,-11.42513169786646,44.01591187741944,-6.204354104396035,-5.272406730159036
1757143993.8193667,-10.936946100436135,41.2651251050359,-5.945301497679411,-5.055821799167709
1757143993.9915452,-10.444611546516775,38.547267800360885,-5.683347796330962,-4.836833095254779
1757143994.1612499,-9.885965466761927,35.29585951517072,-5.38795605993018,-4.590024138229256
1757143994.3319914,-9.44544920350226,33.13524141562525,-5.15032353507294,-4.391372187594878
1757143994.501191,-9.029927690564161,31.266618235110403,-4.9241450989368705,-4.2022976629309765
1757143994.668856,-8.627803222091632,29.443856962560815,-4.705417485038633,-4.019463041420208
1757143994.8343887,-8.120401719176824,26.544681806998693,-4.4363948379032285,-3.7947540415184253
1757143995.003313,-7.740727616365604,24.653457886631667,-4.2318972144635545,-3.623829229316485
1757143995.1660821,-7.372052559619208,22.719179243169833,-4.034466522863758,-3.4588344873779056
1757143995.3237545,-7.01233768229366,20.733384789830918,-3.842987269088899,-3.298834993248521
1757143995.4808676,-6.669413074120349,18.831182675278335,-3.6605532648074957,-3.146394710307391
1757143995.638201,-6.324663359722736,16.73293952433302,-3.4793535692230475,-2.995002284618038
1757143995.7965865,-5.978545635800739,14.419598631795566,-3.299893647253366,-2.8450768315824138
1757143995.9539695,-5.632165057826161,11.888461115061743,-3.1228634275986,-2.6971979177624634
1757143996.1129014,-5.2936435482896504,9.213262607648499,-2.9522589403642634,-2.55468914806834
1757143996.27523,-4.957049517323303,6.527941846345664,-2.7829181548257105,-2.413245340198195
1757143996.4385257,-4.657649454539261,4.16536082458502,-2.6320025763660917,-2.28717111902378
1757143996.605374,-4.366899883957683,2.0791503166199297,-2.4829481998679395,-2.162658438812642
1757143996.7714794,-4.123358751735469,0.5339896834183275,-2.355707010094427,-2.0563394790335514
1757143996.9363449,-3.8765032948367906,-0.7679060669269054,-2.223537304570078,-1.9459307080876644
1757143997.0991719,-3.6662919206666404,-1.7299570831606381,-2.109256404932064,-1.8504455311649266
1757143997.267046,-3.4507271110102615,-2.8020805401903504,-1.9930773446779648,-1.7533843609070343
1757143997.4339302,-3.2266115303964247,-4.114194759640794,-1.874629463760434,-1.6544477127946202
1757143997.592575,-2.9960483291073925,-5.667450895377016,-1.7551772486807622,-1.5546986735074664
1757143997.7562475,-2.7737688461351464,-7.180770054404551,-1.6402081455575965,-1.4586921236116188
1757143997.9217396,-2.500181002163655,-1.9441554866208461,-1.4134261660711998,-1.2695320559480359
1757143998.0847805,-2.218498973654288,2.8393582874660557,-1.1871910032472288,-1.0808559039524834
1757143998.2480364,-1.9425390513502054,7.232429130416971,-0.9690449578895768,-0.898945234370933
1757143998.4117265,-1.6779686445171007,11.298238780463505,-0.7616318357534456,-0.7260019344539153
1757143998.5784993,-1.4549059313998272,15.277867246713766,-0.5801345070384843,-0.574674293232776
1757143998.7429187,-1.2617418478272722,19.02467563608706,-0.4193468067509795,-0.44062416755276546
1757143998.9091372,-1.1094815159663804,23.073441854282706,-0.27945926817481126,-0.32400633944036317
1757143999.076,-1.0741244980279592,21.591114208704496,-0.27608657822674537,-0.3211511069269346
1757143999.2426372,-0.9828419106359072,19.952337230569075,-0.2410309903110924,-0.2918975830122629
1757143999.4109273,-0.9851421282983868,19.092999985873355,-0.2527739318524237,-0.30164106429045984
1757143999.575921,-0.9694367446484362,17.9487223868635,-0.257132393067512,-0.3052311484555831
1757143999.7386656,-0.9272262173973604,16.418380212069884,-0.2502189115804419,-0.2994293065779814
1757143999.8980157,-0.8693878362257212,14.547514321125814,-0.23801236083277805,-0.28921877490160247
1757144000.0608127,-0.8228442467570288,12.667180307340029,-0.23269657269010213,-0.28475032030511416
1757144000.2269428,-0.792565787082313,11.647623033573064,-0.22681066406694572,-0.27980666320542585
1757144000.3938913,-0.752151834097384,10.628646871136963,-0.21483505265172767,-0.2697894483373223
1757144000.5613706,-0.7317294640049682,9.920707102271887,-0.21112156713695443,-0.26665766097976523
1757144000.7321906,-0.7001642801682232,9.187715556095366,-0.2010224615329846,-0.25820498452315793
1757144000.90333,-0.6289240000053321,8.047126937485544,-0.17200540163128547,-0.23399073062781062
1757144001.0695534,-0.5862646292680374,7.151625410862731,-0.1571926356812431,-0.22161606052539137
1757144001.2309766,-0.5422855080646451,6.412355140189894,-0.13970982415752825,-0.20701920263042362
1757144001.3974166,-0.5222678026465641,6.000135606103679,-0.13267930577640258,-0.20113254526224528
1757144001.5583315,-0.47320531744387384,5.37578669418381,-0.11076341755338537,-0.18284479178009883
1757144001.7176673,-0.411609740969492,4.566663563927134,-0.08354107106447924,-0.16013823484547465
1757144001.8752573,-0.32719036670635676,3.4456790185432773,-0.04636161226716297,-0.1291383931677456
1757144002.0337203,-0.27311168507243205,1.9573360504347168,-0.03179305596461787,-0.11698248203186885
1757144002.187537,-0.18782822167604918,0.4812073002811448,0.0016497722635242101,-0.08910203783521314
1757144002.347493,-0.1431968339477307,-1.3478821708730493,0.00646592174121674,-0.08507723868259584
1757144002.5072632,-0.07207713144864737,-2.6191716675234886,0.033872326851759824,-0.06223028239955857
1757144002.669697,-0.02307960825119211,-3.3118558148602046,0.05495137696125956,-0.0446583622741981
1757144002.830672,-0.0765560206284732,-3.822059819008552,0.016730766977273062,-0.07649860850432212
1757144002.994167,-0.03186840411872465,-4.471534621179462,0.0357397233263884,-0.06064954827115694
1757144003.1515749,0.04877351257196806,-5.784543411818487,0.0683635014528543,-0.03345867783220084
1757144003.309788,0.25330800817750054,-8.383992121659691,0.1598975882628671,0.04281408287215335
1757144003.4720194,0.3377023642860358,-9.850926472485886,0.19294240127160697,0.07034191741815903
1757144003.6377637,0.387296589247622,-10.745580599758808,0.211977372943626,0.08619248862622292
1757144003.7993639,0.412720531652993,-11.253608347724969,0.2211505671189139,0.0938241823492468
1757144003.9561138,0.4367177982221988,-11.664042134745458,0.23063966540185693,0.10171847776364483
1757144004.113054,0.40644565017386275,-10.908383405884466,0.22155905632131934,0.0941389910280867
1757144004.272504,0.3582870568016747,-9.960639034555696,0.2040495147652918,0.0795371380552804
1757144004.43079,0.334006625406007,-9.965405449374542,0.18943471944929752,0.06734925820925808
1757144004.5892835,0.36381852834667466,-10.44264176870269,0.20160730576296207,0.07748284648631044
1757144004.7483351,0.4218067844587904,-11.083551367279272,0.22872526242797955,0.10006787855660247
1757144004.9052982,0.47728288510287054,-11.90738502556936,0.2521436867301135,0.11956759229574167
1757144005.0727217,0.5675825925857031,-13.392116787474485,0.2885318210703048,0.14987012841810668
1757144005.2321618,0.748748550770749,-8.505609931865408,0.4559156069434398,0.2893181760667204
1757144005.3887565,0.9300948833030123,-4.09920226852409,0.6176666951883822,0.42405541896626525
1757144005.5472853,1.1095507752767777,0.016669786430435263,0.7748186698668661,0.5549420855026932
1757144005.7048857,1.2818260651109612,3.896433983876492,0.9248481611393498,0.6798773723942455
1757144005.8630471,1.3673198062394158,0.9519472151025887,0.9409201900536492,0.6931793752707338
1757144006.0207925,1.4298814620875706,-1.5641632529523455,0.9483741781380529,0.6992990985142619
1757144006.1783252,1.469350960054817,-3.5633884856904707,0.9481752670301957,0.6990415951705038
1757144006.336735,1.4830674120673348,-4.9925812363937405,0.9393644128961003,0.69160789366973
1757144006.4906645,1.5017584025307862,-6.494815463453448,0.9326577938822116,0.6859310466308586
1757144006.64776,1.538814070470348,-8.341119230686049,0.9328433234490285,0.6859958429283135
1757144006.8063998,1.5817593718716045,-10.246355024828015,0.9358568866737096,0.6884161356875221
1757144006.966953,1.7261697953831268,-13.712611263454779,0.9810246186853375,0.7259587850570156
1757144007.1232557,1.839283176322436,-17.164310564783992,1.0075891705216307,0.7479984825133781
1757144007.2827985,2.0149827347762113,-13.36217337516784,1.158773942099705,0.8738696336364272
1757144007.4388633,2.1574367135006574,-9.499156755054466,1.290756071205809,0.9837267891997841
1757144007.5984921,2.2280370152767963,-12.895172504337875,1.292521322232238,0.9850667825950195
1757144007.7534587,2.1891318051951765,-14.312352927888071,1.2523194470235566,0.9514423733187075
1757144007.9149623,2.095865691650982,-14.558868021514419,1.193547331283736,0.9023441656103468
1757144008.0691464,1.9717900615946666,-14.146386542130593,1.1241819264484043,0.8444311653760274
1757144008.2218637,1.7979768920854136,-12.750483125744887,1.0367626857777918,0.771483614785258
1757144008.3774786,1.588151857104861,-10.691648735387817,0.9356806121465835,0.6871594411985523
1757144008.533119,1.4042869573877403,-8.728228808536638,0.8490184016213245,0.6148611906085037
1757144008.6850684,1.2601255672915619,-7.222809876044376,0.7806713633872719,0.5578346848853372
1757144008.8408592,1.1640983306225785,-6.388470491556122,0.7331478209881321,0.518164460395728
1757144008.9984336,1.1175586152785835,-6.477708857008222,0.704230969031477,0.4940022190692095
1757144009.1561716,1.094169257112158,-7.068631019901219,0.6831814385968465,0.4763983183570668
1757144009.3145335,1.0988254409297524,-8.021859644229643,0.6746107066434246,0.46919412402257976
1757144009.4730508,1.260089741965235,-3.190038512604098,0.8294459554181234,0.5981444858565765
1757144009.6294062,1.4218540365289605,1.1839050939343103,0.9791048574230806,0.7227660692038234
1757144009.7861063,1.4643645451517313,-1.08971448479805,0.977440760694904,0.7212851277278851
1757144009.945118,1.4963595904657085,-3.1262489631948664,0.9723133743631986,0.7169173056009056
1757144010.1026957,1.5346246039729712,-5.288557006062955,0.9694372601353023,0.714426731925856
1757144010.2602382,1.5947545311916198,-7.7406729255962325,0.9762032532548367,0.7199705363398475
1757144010.4127693,1.6757271751726577,-10.255445347736831,0.9947217279480884,0.7353091341089605
1757144010.570815,1.7450837812539601,-12.722665946866103,1.0068468367267063,0.7453152311583191
1757144010.7282183,1.809357616864724,-14.921473941331879,1.0191443568060916,0.7554640690190433
1757144010.885995,1.8298971522698093,-16.203382765322413,1.0162039652040016,0.7529147484816805
1757144011.0475605,1.8151356513705674,-16.903596756176164,0.9990638187786356,0.7385318581235221
1757144011.2059681,1.7982988624410312,-17.421546057313886,0.9828611873660668,0.7249339706473767
1757144011.3676553,1.7793143466318306,-17.83244202104975,0.9666547388231179,0.7113327531054178
1757144011.529352,1.7624385457679057,-18.46950978129487,0.9489970711553329,0.6965241750710042
1757144011.6870837,1.7614718950164518,-19.46856179619741,0.9365366550469206,0.6860503295462519
1757144011.8436332,1.7842737875932049,-20.839198418911952,0.9338772166062371,0.6837449096074829
1757144012.0024955,1.8255116463130625,-22.54939780735356,0.9382067200295373,0.6872618450829957
1757144012.1587167,1.8876236939832185,-24.366229140740767,0.9537813467943883,0.7001495555842016
1757144012.3124843,1.941506047167816,-26.162270672900505,0.9646672934606857,0.709130316854903
1757144012.4676278,1.9880866648381117,-28.082694508029892,0.9696812194049872,0.7132163873387569
1757144012.6227846,2.033993591819595,-30.063756468419413,0.9735638018023274,0.7163592312256033
1757144012.7823014,2.0699046457376786,-32.00175974607266,0.9719684154064604,0.7149347254081126
1757144012.9420044,2.1740072413621716,-27.84305054294871,1.0844636435080823,0.8085731152515987
1757144013.1006212,2.169400395167018,-29.817189443413575,1.0581346266983451,0.7865283031493733
1757144013.260408,2.1834167402501286,-31.51630933373069,1.0462790759319471,0.7765452767877574
1757144013.423652,2.1651820156414914,-32.62062921250314,1.0222098649106413,0.7563847156957143
1757144013.5856457,2.0876897715297966,-32.83863969065972,0.973214301544259,0.7154584888583011
1757144013.7530189,1.9946266264348473,-32.65174472776369,0.91973143031819,0.6707958659397868
1757144013.9131045,1.990015504568595,-33.47138222282082,0.9072348140078185,0.6602939300560893
1757144014.0726779,1.9837600270105296,-34.471226960556734,0.89158665900897,0.6471677438996974
1757144014.2324915,1.9664664949211723,-35.69461461765585,0.8666299793328516,0.6262871012840276
1757144014.39243,1.9866747906775857,-30.400986868340443,0.9423887335947619,0.6893275266553884
1757144014.550156,2.003677349132598,-25.235316415914628,1.0146965312380523,0.7494855104071527
1757144014.7097123,2.0486257253092384,-20.718860424830808,1.0959934077915001,0.8171242584063111
1757144014.8695276,2.0697214532993002,-16.22867355288126,1.1626725371089566,0.8725739911208374
1757144015.0344698,2.0128374092426573,-10.923017234245986,1.1923579652452758,0.8971885322788687
1757144015.199653,2.0160829060290593,-6.123538049169428,1.2520554105464625,0.9468060725228353
1757144015.3682263,2.039092270668707,-9.241693193219746,1.2285994555784445,0.9271292034021561
1757144015.5311923,2.0312226590807674,-11.556836126027019,1.1962426545669351,0.9000429682801135
1757144015.694603,1.9811289269159897,-12.907645747948322,1.1501174771587312,0.8614880059785116
1757144015.8593774,1.8891021823395422,-13.55931431809485,1.0872146769156692,0.8089579479888226
1757144016.020381,1.7752063447965853,-13.456396762743084,1.0202334351484508,0.7530392047708618
1757144016.181431,1.6476389096177608,-12.956666405006015,0.949801545485044,0.6942527907588203
1757144016.3423865,1.5130685080783706,-12.388261697941596,0.8759819321425667,0.6326516370597693
1757144016.5017407,1.399291236620375,-11.884925809642567,0.8138482029534395,0.5807963602137618
1757144016.6590044,1.2738320206107367,-11.27416590480392,0.7459842250830548,0.5241743512573291
1757144016.817209,1.1308827405946043,-9.926053093343631,0.6764657661889097,0.4661808393638658
1757144016.976269,0.9434756761280455,-8.04017066572723,0.5867143631257811,0.39133613140675044
1757144017.137789,0.7762904792242615,-6.121760364710155,0.5094769729355804,0.3269276359650292
1757144017.2993312,0.604766809717089,-3.9027965987939823,0.4332328802494984,0.26335543887060464
1757144017.465203,0.4456376806760892,-2.119086269434117,0.35919337137690127,0.20162797764370344
1757144017.6300838,0.3617594745826534,-1.1865246332695398,0.3200850540271314,0.1690144909586313
1757144017.791694,0.3038457305946172,-0.49426888576743966,0.29366762847727257,0.1469801764396342
1757144017.9597118,0.2282284426820586,0.05208834018291969,0.25487280365123544,0.1146351047428585
1757144018.1266832,0.17279623962697332,0.641295866227973,0.22869946939530336,0.09281107847576639
1757144018.2890768,0.10411134030813077,1.601185971750803,0.19901826489681645,0.06806752987157341
1757144018.452915,0.08408875597590598,2.3346193527592103,0.19581662880743367,0.06539057151554509
1757144018.6144667,0.08853613055170251,2.7010366261643406,0.20289357517083834,0.07127843153749466
1757144018.776429,0.10029145608941355,2.5964038852463287,0.2087035061825511,0.07610976689717006
1757144018.943721,0.13609445993174768,2.114426575047733,0.22441650022619758,0.08919149571635117
1757144019.106038,0.16931923288967385,1.7119174121278657,0.2395377763946987,0.10177879056611558
1757144019.2650375,0.18935645973605775,1.5969287805294223,0.25019784081457697,0.11064751767332309
1757144019.4251525,0.1781138937361709,2.19772976238613,0.2506796896305501,0.11103424449194675
1757144019.5888782,0.12591119136942308,3.54411282459031,0.23553077527910224,0.09839672393061463
1757144019.7537918,0.12628895069366927,4.120561377238968,0.2426920221106859,0.10435008911922432
