timestamp,theta,b,detected
2025-09-02T13:47:46.862650,0.3485731168825194,-9.791884549117412,1.0
2025-09-02T13:47:47.026544,0.5783683807690511,-15.160761833158631,1.0
2025-09-02T13:47:47.176882,-0.1824214698250625,1.7902693968819676,1.0
2025-09-02T13:47:47.327721,-0.5314048223285096,8.608895180206446,1.0
2025-09-02T13:47:47.478547,-0.9020962819929792,15.932102739422021,1.0
2025-09-02T13:47:47.632186,1.055297624056816,-26.87437983098448,1.0
2025-09-02T13:47:47.784226,1.1822189957848372,-30.717748987437062,1.0
2025-09-02T13:47:47.934033,1.1059222488234701,-32.17497711645092,1.0
2025-09-02T13:47:48.086214,1.059896298766427,-31.128630167402434,1.0
2025-09-02T13:47:48.240126,0.8066723442066699,-31.395684002643293,1.0
2025-09-02T13:47:48.398251,2.4102589510035553,-45.962979950790555,1.0
2025-09-02T13:47:48.560596,2.716029921623458,-51.70425937578216,1.0
2025-09-02T13:47:48.717578,2.3289735542579435,-44.44041434282644,1.0
2025-09-02T13:47:48.874511,2.0127595489629835,-39.121073857548254,1.0
2025-09-02T13:47:49.028245,0.6339424667487966,-25.574566082148635,1.0
2025-09-02T13:47:49.184509,2.0541438717611276,-43.77849455042906,1.0
2025-09-02T13:47:49.343650,1.8974890926237677,-40.637909936859955,1.0
2025-09-02T13:47:49.494622,1.1306867921062902,-30.916786483855617,1.0
2025-09-02T13:47:49.652924,1.3506846608045973,-31.729485705734305,1.0
2025-09-02T13:47:49.813042,1.9436707276513088,-48.06976734064676,1.0
2025-09-02T13:47:49.962004,2.1248933161278933,-51.06722874993329,1.0
2025-09-02T13:47:50.111907,1.7679605221948658,-46.59459144485663,1.0
2025-09-02T13:47:50.262291,1.6287462501750842,-43.81236255239003,1.0
2025-09-02T13:47:50.414817,1.7079019530089563,-45.62100776116199,1.0
2025-09-02T13:47:50.569069,1.4780323324054558,-41.51893432934867,1.0
2025-09-02T13:47:50.726835,0.882834090380329,-24.41113701020049,1.0
2025-09-02T13:47:50.883276,0.2133696544720235,-10.48184952755878,1.0
2025-09-02T13:47:51.036335,1.2576234300999447,-38.566098901632586,1.0
2025-09-02T13:47:51.194347,-0.6440534513448983,7.173179718240931,1.0
2025-09-02T13:47:51.349427,-0.5542101227839336,6.334417900271092,1.0
2025-09-02T13:47:51.501336,0.8695973188202607,-32.100906735675835,1.0
2025-09-02T13:47:51.659290,0.23079409626130337,-6.448721293554286,1.0
2025-09-02T13:47:51.816266,0.9285670106028786,-19.371483965414882,1.0
2025-09-02T13:47:51.971212,1.4296590107975367,-45.286867563029205,1.0
2025-09-02T13:47:52.124123,1.768206041470387,-51.658387066720366,1.0
2025-09-02T13:47:52.278014,1.5294874330731516,-29.714236524775288,1.0
2025-09-02T13:47:52.431949,1.5546986741865034,-48.26893253134881,1.0
2025-09-02T13:47:52.583574,1.5276654986062619,-49.736443732569796,1.0
2025-09-02T13:47:52.738652,1.1780746241962516,-43.052772943050286,1.0
2025-09-02T13:47:52.891222,1.1329496637805196,-40.66187337233737,1.0
2025-09-02T13:47:53.046217,2.504782463365129,-48.71821112386988,1.0
2025-09-02T13:47:53.197009,1.9207925184278174,-59.007436755352956,1.0
2025-09-02T13:47:53.347629,2.134707123677538,-41.95497833403397,1.0
2025-09-02T13:47:53.497617,1.7389632718791201,-55.28633711977125,1.0
2025-09-02T13:47:53.646538,1.6811520765291952,-32.771419284354806,1.0
2025-09-02T13:47:53.792055,2.2085794572843294,-43.24260609591465,1.0
2025-09-02T13:47:53.936139,2.2649967568991087,-45.73029174886574,1.0
2025-09-02T13:47:54.082969,2.139219841784928,-44.5187513252597,1.0
2025-09-02T13:47:54.227649,2.3405565622861215,-50.391000843677716,1.0
2025-09-02T13:47:54.368630,2.483834485732469,-53.480289840821456,1.0
2025-09-02T13:47:54.517686,2.1552138511941235,-48.38340373945198,1.0
2025-09-02T13:47:54.675070,-0.7536435554780927,-4.780063111966683,1.0
2025-09-02T13:47:54.828075,-1.6008158714085385,11.82360956886862,1.0
2025-09-02T13:47:54.965829,0.6038668500356945,-21.56677875858213,1.0
2025-09-02T13:47:55.101953,0.4323907211400367,-19.61308221105685,1.0
2025-09-02T13:47:55.243126,0.6894209803300603,-24.50699119107685,1.0
2025-09-02T13:47:55.392967,-2.4300773420545823,35.552411015713005,1.0
2025-09-02T13:47:55.530046,1.4130904099815125,-37.55235483034767,1.0
2025-09-02T13:47:55.667131,1.661139588649253,-41.87924783859444,1.0
2025-09-02T13:47:55.803196,2.188807674946316,-52.65778529725662,1.0
2025-09-02T13:47:55.954366,-0.8494592181905156,10.162405184671343,1.0
2025-09-02T13:47:56.099594,2.877533064735942,-65.86008764587268,1.0
2025-09-02T13:47:56.251130,-0.22946404998015899,1.5797803730126816,1.0
2025-09-02T13:47:56.391055,2.0840593327916617,-52.66973298423795,1.0
2025-09-02T13:47:56.533795,1.1080564707425182,-32.60178501926316,1.0
2025-09-02T13:47:56.684137,0.7461127609397425,-19.29218636452015,1.0
2025-09-02T13:47:56.823394,-1.15892956085648,11.918636040726938,1.0
2025-09-02T13:47:56.972944,0.5262663565265997,-13.290698308966284,1.0
2025-09-02T13:47:57.121053,0.632978578965466,-16.182010061587107,1.0
2025-09-02T13:47:57.264283,-0.3065803771445018,-3.4323999273432264,1.0
2025-09-02T13:47:57.411895,0.7288069268718284,-21.46201752905654,1.0
2025-09-02T13:47:57.560633,0.14402184199801635,-6.295018789860251,1.0
2025-09-02T13:47:57.702788,2.346604159897353,-52.758739452258055,1.0
2025-09-02T13:47:57.851205,2.665670543851087,-58.46732002008946,1.0
2025-09-02T13:47:57.992528,2.4993224579783133,-58.00627267056939,1.0
2025-09-02T13:47:58.129840,2.4099739258769266,-57.096269052765365,1.0
2025-09-02T13:47:58.267830,2.3000215504829966,-55.1388561388743,1.0
2025-09-02T13:47:58.414422,2.439320676096688,-58.899871949364865,1.0
2025-09-02T13:47:58.556573,2.4179022576588074,-59.03645338048091,1.0
2025-09-02T13:47:58.699374,2.5528733671050263,-62.64476030125286,1.0
2025-09-02T13:47:58.844094,2.7933081136830094,-68.03164861657922,1.0
2025-09-02T13:47:59.002001,1.843903149673171,-34.37596721001114,1.0
2025-09-02T13:47:59.156155,2.2370051053906774,-42.591431591035644,1.0
2025-09-02T13:47:59.301409,1.404307048643613,-43.419578698349824,1.0
2025-09-02T13:47:59.454256,2.653444158577445,-50.45747490695112,1.0
2025-09-02T13:47:59.601036,-0.19357600726915444,-12.111628866816886,1.0
2025-09-02T13:47:59.751205,1.6259665341953402,-32.725181748185605,1.0
2025-09-02T13:47:59.891643,-1.8658318913337273,23.39370841793334,1.0
2025-09-02T13:48:00.031255,-2.1482035151437993,30.306730111732804,1.0
2025-09-02T13:48:00.187086,0.5739255410867934,-12.161764907080737,1.0
2025-09-02T13:48:00.325915,-2.3735964281833426,39.111044835642815,1.0
2025-09-02T13:48:00.466446,-2.277004095224314,39.125578349822376,1.0
2025-09-02T13:48:00.606417,-2.0127457650043925,35.52720728190968,1.0
2025-09-02T13:48:00.750840,-1.4794744943325562,26.825641620522333,1.0
2025-09-02T13:48:00.892169,-0.7926028692030876,14.649307061857826,1.0
2025-09-02T13:48:01.036117,0.18685988845678517,-3.4651569008354954,1.0
2025-09-02T13:48:01.191514,0.5111479453338645,-5.195372972265886,1.0
2025-09-02T13:48:01.340841,0.7398919593847397,-7.575965030237967,1.0
2025-09-02T13:48:01.496155,0.7414839566691168,-5.691584699589043,1.0
2025-09-02T13:48:01.639520,1.8879042634220171,-36.75233346251389,1.0
2025-09-02T13:48:01.794168,1.4752284577172563,-21.65028415110737,1.0
2025-09-02T13:48:01.936655,2.1380320047946166,-43.396620812652145,1.0
2025-09-02T13:48:02.083763,2.082205496268542,-43.1508621443204,1.0
2025-09-02T13:48:02.228252,2.32968595993607,-48.66315685847451,1.0
2025-09-02T13:48:02.370336,2.5952032127573306,-54.675960557540975,1.0
2025-09-02T13:48:02.518128,2.6298101352394094,-57.04776588632626,1.0
2025-09-02T13:48:02.666734,2.0574962501014364,-45.497153831655964,1.0
2025-09-02T13:48:02.808058,1.1928960058948612,-28.34590929708054,1.0
2025-09-02T13:48:02.953435,0.7092807310274971,-20.51509330273825,1.0
2025-09-02T13:48:03.104883,0.3821779986761677,-13.99495841077487,1.0
2025-09-02T13:48:03.249007,0.3447722234478547,-12.976673745461085,1.0
2025-09-02T13:48:03.392843,0.6142068668930084,-17.890504078921367,1.0
2025-09-02T13:48:03.537989,-1.5299084907146157,44.17164693333609,1.0
2025-09-02T13:48:03.681631,-1.4476696604112,45.98665078144063,1.0
2025-09-02T13:48:03.825612,-1.608547280522616,45.8312761255155,1.0
2025-09-02T13:48:03.972061,0.14715926240302393,21.710542395919333,1.0
2025-09-02T13:48:04.114167,0.8720410146893266,-23.903544072003342,1.0
2025-09-02T13:48:04.261531,0.5184239022060106,-0.9428029906275697,1.0
2025-09-02T13:48:04.404252,1.2470024914825322,-32.86405538474742,1.0
2025-09-02T13:48:04.546472,1.329391822112428,-34.4624453016238,1.0
2025-09-02T13:48:04.694754,0.3812312534638874,-15.945599880399982,1.0
2025-09-02T13:48:04.837334,1.5666550898200462,-39.86371667351068,1.0
2025-09-02T13:48:04.982369,1.9198373260142605,-47.2833511352635,1.0
2025-09-02T13:48:05.129418,2.8741326151334894,-50.6700921661361,1.0
2025-09-02T13:48:05.279259,3.11422402663482,-51.24752721141658,1.0
2025-09-02T13:48:05.425410,3.0536493155907873,-56.90333354479321,1.0
2025-09-02T13:48:05.567286,0.7496096946870688,-24.169958525805555,1.0
2025-09-02T13:48:05.711494,0.2834405887901463,-15.728640289434793,1.0
2025-09-02T13:48:05.860147,0.6592433515644179,-14.191827351994789,1.0
2025-09-02T13:48:06.007868,-0.5995357727222962,4.064078625268962,1.0
2025-09-02T13:48:06.159642,-3.9991395332111748,193.19182079362918,1.0
2025-09-02T13:48:06.309061,0.04951874159829187,-5.531359859145709,1.0
2025-09-02T13:48:06.460801,-3.209085807468619,28.897683928731794,1.0
2025-09-02T13:48:06.612526,0.18520871446093376,-7.800801179783548,1.0
2025-09-02T13:48:06.764246,-8.014969278555945,75.63682724539751,1.0
2025-09-02T13:48:06.918519,1.3183564253370728,-29.147530932772383,1.0
2025-09-02T13:48:07.076697,1.2823534983036313,-28.797831136310947,1.0
2025-09-02T13:48:07.229687,-14.617595490773612,161.2176779756261,1.0
2025-09-02T13:48:07.376609,0.9986911440893659,-24.4989846172424,1.0
2025-09-02T13:48:07.521508,-17.185087397207525,173.23267795565596,1.0
2025-09-02T13:48:07.672618,-0.14273345688381414,-2.1999080843384036,1.0
2025-09-02T13:48:07.819013,-19.24230617577859,193.63817844476148,1.0
2025-09-02T13:48:07.966360,0.252201748473191,-9.865457390736537,1.0
2025-09-02T13:48:08.111136,0.14687428996074567,-7.910459609843656,1.0
2025-09-02T13:48:08.256963,-16.980294029133876,175.36129088484688,1.0
2025-09-02T13:48:08.401802,-0.30392207481739975,1.8573518907368225,1.0
2025-09-02T13:48:08.547376,-0.2528274019482081,1.4347780186026284,1.0
2025-09-02T13:48:08.691992,-16.7192755432602,182.016765943407,1.0
2025-09-02T13:48:08.837655,0.10869061414841495,-5.697127147647052,1.0
2025-09-02T13:48:08.983224,-21.578144178994727,256.1947068497566,1.0
2025-09-02T13:48:09.132845,-23.12841599764869,287.64717630890436,1.0
2025-09-02T13:48:09.276913,0.46284865505603434,-7.78857204190524,1.0
2025-09-02T13:48:09.422481,-25.92192948648129,352.5565993236071,1.0
2025-09-02T13:48:09.568704,-0.44497776896311975,13.603044488529576,1.0
2025-09-02T13:48:09.715386,-0.5946272329899112,16.677661700186945,1.0
2025-09-02T13:48:09.862132,-0.934045234640154,24.145258529542048,1.0
2025-09-02T13:48:10.008040,-0.255483775444384,13.792161573296653,1.0
2025-09-02T13:48:10.157012,0.347750291000331,2.7198537373058116,1.0
2025-09-02T13:48:10.305645,0.7170314663360472,-5.169151815434134,1.0
2025-09-02T13:48:10.451256,-21.128136294176507,279.5954563560681,1.0
2025-09-02T13:48:10.599304,1.3744506601625306,-18.52087200480821,1.0
2025-09-02T13:48:10.748493,1.4067013657859568,-19.540207010031736,1.0
2025-09-02T13:48:10.893666,1.6351322494838179,-25.45501812312068,1.0
2025-09-02T13:48:11.039964,1.5928467435441451,-25.073394960859446,1.0
2025-09-02T13:48:11.184341,-19.286424992767696,252.28508230396574,1.0
2025-09-02T13:48:11.337782,1.9550742137884458,-33.56629983534742,1.0
2025-09-02T13:48:11.493371,1.4839967962639444,-25.118878046857503,1.0
2025-09-02T13:48:11.649205,1.6059040411135967,-28.694516472697387,1.0
2025-09-02T13:48:11.798301,-17.184512270091215,232.9443870994636,1.0
2025-09-02T13:48:11.946454,-17.009387171814737,227.2353430308392,1.0
2025-09-02T13:48:12.099968,-15.6476672189249,202.3411506119296,1.0
2025-09-02T13:48:12.269118,1.3883720339455705,-29.19685763420921,1.0
2025-09-02T13:48:12.432254,1.5007857261365594,-32.01837263315883,1.0
2025-09-02T13:48:12.592105,0.7801163962310032,-19.549068236820517,1.0
2025-09-02T13:48:12.749728,1.1195761770952186,-27.88368871849002,1.0
2025-09-02T13:48:12.898683,-8.81928860606386,98.26459635490733,1.0
2025-09-02T13:48:13.053996,1.779858737762457,-39.99902721698038,1.0
2025-09-02T13:48:13.213125,2.1822707721085,-47.7900805353313,1.0
2025-09-02T13:48:13.360430,-7.932071819278111,93.74601177343561,1.0
2025-09-02T13:48:13.518523,3.0873719460661575,-65.88514230111741,1.0
2025-09-02T13:48:13.681796,3.796325915323898,-74.47510427402142,1.0
2025-09-02T13:48:13.836437,-8.357033351778663,111.77577199307905,1.0
2025-09-02T13:48:13.998143,2.281809326447281,-51.09964699963973,1.0
2025-09-02T13:48:14.158501,1.6890414208796711,-40.953956716830135,1.0
2025-09-02T13:48:14.317497,1.078257677344251,-31.292521019711444,1.0
2025-09-02T13:48:14.474752,1.075675742311082,-30.145233396014874,1.0
2025-09-02T13:48:14.625485,-4.0348129201436524,55.817922076789955,1.0
2025-09-02T13:48:14.783349,1.6866151912906218,-27.4868016893912,1.0
2025-09-02T13:48:14.940809,0.4806799613075715,-14.494523959185244,1.0
2025-09-02T13:48:15.091971,-2.060548641037428,27.13463810509188,1.0
2025-09-02T13:48:15.253643,1.2237034449664548,-25.906860175073916,1.0
2025-09-02T13:48:15.415804,1.7838597521962916,-34.40169524940745,1.0
2025-09-02T13:48:15.568553,0.06556516742444005,-10.526496457721692,1.0
2025-09-02T13:48:15.730475,2.8953872322560774,-53.72721900420879,1.0
2025-09-02T13:48:15.894706,2.886851795768802,-51.312748220218964,1.0
2025-09-02T13:48:16.043472,2.33594033075518,-38.571115538928666,1.0
2025-09-02T13:48:16.198197,2.1024781748101997,-53.29817934925461,1.0
2025-09-02T13:48:16.357266,3.407657418529236,-53.87441252140502,1.0
2025-09-02T13:48:16.513650,4.94086112188728,-72.31489128400358,1.0
2025-09-02T13:48:16.665315,3.961278635874296,-84.70113042404148,1.0
2025-09-02T13:48:16.818734,7.100182424874336,-96.46670343321671,1.0
2025-09-02T13:48:16.976598,7.977890249603098,-110.3664198656777,1.0
2025-09-02T13:48:17.129475,2.041420910650541,-52.39937731008581,1.0
2025-09-02T13:48:17.282511,9.737879811947971,-126.66242811625818,1.0
2025-09-02T13:48:17.437352,-0.15821173359541063,-19.067159789761035,1.0
2025-09-02T13:48:17.597054,14.144839251268433,-173.48445062292433,1.0
2025-09-02T13:48:17.756072,14.937497866370824,-179.5806347115315,1.0
2025-09-02T13:48:17.917037,16.80429984128788,-196.53985311831758,1.0
2025-09-02T13:48:18.080088,18.550873909666002,-214.0497528173579,1.0
2025-09-02T13:48:18.236796,1.8399977550375524,-52.03223806152744,1.0
2025-09-02T13:48:18.391392,2.0572366537487445,-58.60731112194139,1.0
2025-09-02T13:48:18.549184,21.293112621660427,-234.70764748439512,1.0
2025-09-02T13:48:18.705193,2.6281548380529682,-74.82845806514933,1.0
2025-09-02T13:48:18.862208,2.9852750697083206,-77.38444957941726,1.0
2025-09-02T13:48:19.020120,24.552781644236596,-294.13864797494466,1.0
2025-09-02T13:48:19.181917,26.66330939614607,-327.55502466944057,1.0
2025-09-02T13:48:19.338807,2.589180301926785,-75.0779832750452,1.0
2025-09-02T13:48:19.493963,1.3757311276971935,-58.51051477514011,1.0
2025-09-02T13:48:19.650047,31.02420060879133,-409.94201926418623,1.0
2025-09-02T13:48:19.806058,0.651269489798051,-37.0705654179161,1.0
2025-09-02T13:48:19.966706,0.3481229124946842,-32.69807639376222,1.0
2025-09-02T13:48:20.123580,33.18503668564249,-465.4233084875859,1.0
2025-09-02T13:48:20.280164,35.29503820845471,-508.187560421455,1.0
2025-09-02T13:48:20.434723,0.7480607896606185,-37.78102078650875,1.0
2025-09-02T13:48:20.588825,0.47019749024813956,-33.81983485372348,1.0
2025-09-02T13:48:20.750389,37.568520668401696,-561.21448855311,1.0
2025-09-02T13:48:20.909401,37.79094370651629,-571.5680922250132,1.0
2025-09-02T13:48:21.066237,0.28929636142710025,-32.71283497514298,1.0
2025-09-02T13:48:21.221972,38.26084062356303,-591.5298994847604,1.0
2025-09-02T13:48:21.380351,41.73500036649879,-345.213231570798,1.0
2025-09-02T13:48:21.537169,-0.19745038959247158,-23.446068250197186,1.0
2025-09-02T13:48:21.699900,-0.4625180131409059,-19.653958183398345,1.0
2025-09-02T13:48:21.855262,37.18952495348645,-570.4460194958516,1.0
2025-09-02T13:48:22.014420,36.677337230509615,-557.0462178962537,1.0
2025-09-02T13:48:22.172728,-1.2047784122677496,4.012002412374159,1.0
2025-09-02T13:48:22.331566,-0.6777464571886198,-7.07287291755847,1.0
2025-09-02T13:48:22.488197,30.87160172087476,-277.6479565809254,1.0
2025-09-02T13:48:22.645994,0.9694613448233935,-37.29934517647234,1.0
2025-09-02T13:48:22.802066,2.044900123690938,-55.91678577480968,1.0
2025-09-02T13:48:22.958190,26.67036504776446,-384.20654265443216,1.0
2025-09-02T13:48:23.114271,26.840859714755396,-381.32516091360014,1.0
2025-09-02T13:48:23.271361,2.0468116524488047,-59.395567684952084,1.0
2025-09-02T13:48:23.427778,2.7557633931301995,-73.80825046273651,1.0
2025-09-02T13:48:23.581185,25.859049708385847,-372.90506339864953,1.0
2025-09-02T13:48:23.733030,26.8948398283636,-384.9178003050654,1.0
2025-09-02T13:48:23.886405,27.81304354890512,-388.40859206243977,1.0
2025-09-02T13:48:24.047069,27.34910881368656,-183.35927954959914,1.0
2025-09-02T13:48:24.199738,2.585512374529308,-80.14918534823039,1.0
2025-09-02T13:48:24.358977,25.591115048116873,-349.4031427754429,1.0
2025-09-02T13:48:24.513923,25.32405451207373,-349.8651592472341,1.0
2025-09-02T13:48:24.668081,2.16166996524967,-57.98110548709451,1.0
2025-09-02T13:48:24.818416,2.3584695699972746,-51.91326315083438,1.0
2025-09-02T13:48:24.970151,26.28742728377598,-175.23941601040463,1.0
2025-09-02T13:48:25.124240,2.6588563098129843,-37.070549946708866,1.0
2025-09-02T13:48:25.278394,24.91600824030522,-163.8594063301449,1.0
2025-09-02T13:48:25.432919,5.991860013947546,-65.80668384319347,1.0
2025-09-02T13:48:25.592145,9.625747279669834,-100.35738072028107,1.0
2025-09-02T13:48:25.748283,24.40417399021821,-161.61440824551983,1.0
2025-09-02T13:48:25.905412,17.112963753721132,-180.56928762060704,1.0
2025-09-02T13:48:26.062564,19.50471213924021,-202.85730570102606,1.0
2025-09-02T13:48:26.219485,20.15300115325321,-90.71085410031583,1.0
2025-09-02T13:48:26.378074,17.937159745678045,-53.425412684104685,1.0
2025-09-02T13:48:26.536749,23.39951377309131,-235.7388331119903,1.0
2025-09-02T13:48:26.690331,24.39355879101703,-241.44710711173263,1.0
2025-09-02T13:48:26.847310,15.72027849230738,-223.48573612322411,1.0
2025-09-02T13:48:27.004205,28.386003078576277,-307.4208416730716,1.0
2025-09-02T13:48:27.161013,30.3217908652354,-348.6701218511185,1.0
2025-09-02T13:48:27.321265,13.928658405274843,-187.91352827823846,1.0
2025-09-02T13:48:27.479383,13.803532010457857,-187.18314969616966,1.0
2025-09-02T13:48:27.636075,36.03164345946459,-500.0458346020004,1.0
2025-09-02T13:48:27.794310,16.363828299034356,-8.37774202107073,1.0
2025-09-02T13:48:27.952268,14.900308855762134,-195.48900602168186,1.0
2025-09-02T13:48:28.107231,15.279045171984158,-195.598843225758,1.0
2025-09-02T13:48:28.258487,39.17605583906995,-610.3883999723444,1.0
2025-09-02T13:48:28.413115,14.738890755909164,-181.34284443752273,1.0
2025-09-02T13:48:28.562771,37.18652621052924,-583.377048193662,1.0
2025-09-02T13:48:28.718316,16.826584546384854,-205.40036493512713,1.0
2025-09-02T13:48:28.875677,17.258585333539774,-212.06399424124908,1.0
2025-09-02T13:48:29.024892,33.03838485880075,-532.8237425478811,1.0
2025-09-02T13:48:29.180485,16.42167199322659,-205.07832015507353,1.0
2025-09-02T13:48:29.339437,16.76296208649511,-212.05888600576486,1.0
2025-09-02T13:48:29.492695,19.63850218097612,-201.1156862555689,1.0
2025-09-02T13:48:29.641605,21.41692797803381,-193.01681258970484,1.0
2025-09-02T13:48:29.797498,21.028178647816745,-158.4019993583321,1.0
2025-09-02T13:48:29.951639,18.590034590124453,-243.33786160804067,1.0
2025-09-02T13:48:30.107668,19.287124934479973,-255.41930967640326,1.0
2025-09-02T13:48:30.258286,13.9245272464743,-32.608856582525846,1.0
2025-09-02T13:48:30.414608,18.927687875185963,-252.8659961549772,1.0
2025-09-02T13:48:30.563954,9.09524251922708,31.38915352261938,1.0
2025-09-02T13:48:30.719207,18.32336909153266,-246.61462271197797,1.0
2025-09-02T13:48:30.877681,17.958143194617687,-249.50104027944883,1.0
2025-09-02T13:48:31.024293,12.12041612273898,-151.85010430497903,1.0
2025-09-02T13:48:31.181730,20.364071558286692,-98.77720870918279,1.0
2025-09-02T13:48:31.327781,7.650813949016654,-91.60681321791947,1.0
2025-09-02T13:48:31.468602,4.869728918456535,-53.2055984124861,1.0
2025-09-02T13:48:31.614994,9.313739928150582,-92.54763886510784,1.0
2025-09-02T13:48:31.771614,15.32870562885676,-34.339824249220214,1.0
2025-09-02T13:48:31.914153,-4.80498296048815,69.45079605516014,1.0
2025-09-02T13:48:32.057266,10.694438106123453,-94.93334363913198,1.0
2025-09-02T13:48:32.214374,12.775868260817408,0.8655088806837057,1.0
2025-09-02T13:48:32.356337,-0.5190515027953726,39.653172048204965,1.0
2025-09-02T13:48:32.516985,10.451848302426162,34.79975267802695,1.0
2025-09-02T13:48:32.674030,9.653556950745145,49.40856479202944,1.0
2025-09-02T13:48:32.823443,-68.11752098723998,1612.93849307641,1.0
2025-09-02T13:48:32.979863,6.917611655961883,-114.93920111866191,1.0
2025-09-02T13:48:33.124079,-72.01861103900711,1929.5487774355715,1.0
2025-09-02T13:48:33.278716,5.908550527763775,-113.27935289938898,1.0
2025-09-02T13:48:33.425424,-51.55808963318821,804.4579862093024,1.0
2025-09-02T13:48:33.580639,5.195277609599793,-98.18274107925401,1.0
2025-09-02T13:48:33.727596,-65.83161899525685,1515.2100508004391,1.0
2025-09-02T13:48:33.878994,4.215894143614585,-80.94790710223083,1.0
2025-09-02T13:48:34.022095,-30.310791625101036,455.50998335695795,1.0
2025-09-02T13:48:34.172190,2.784473289786304,-58.506270724971046,1.0
2025-09-02T13:48:34.318314,10.289980965811193,-115.22330185038436,1.0
2025-09-02T13:48:34.470620,-28.727710031978063,489.18890263236267,1.0
2025-09-02T13:48:34.621301,-35.033597746070505,567.0735695458079,1.0
2025-09-02T13:48:34.775722,0.24154365137762615,-12.897344412607254,1.0
2025-09-02T13:48:34.924435,-52.514684392654004,750.0895744470802,1.0
2025-09-02T13:48:35.074809,0.694488752214833,-17.14204234225849,1.0
2025-09-02T13:48:35.222972,-48.545144976524774,645.4110277530926,1.0
2025-09-02T13:48:35.371203,0.38930583192984375,-11.117140179245098,1.0
2025-09-02T13:48:35.520047,-55.32296057266147,858.7499160271427,1.0
2025-09-02T13:48:35.672031,0.7649349927256037,-19.5005336852862,1.0
2025-09-02T13:48:35.821389,-14.337783977399216,74.94017906137788,1.0
2025-09-02T13:48:35.973489,0.672818702183381,-18.3541206999962,1.0
2025-09-02T13:48:36.125987,-13.489929870379205,71.81695014155798,1.0
2025-09-02T13:48:36.278095,1.1839023414967875,-30.294547060524792,1.0
2025-09-02T13:48:36.430150,-4.2814379454604925,26.688256591216486,1.0
2025-09-02T13:48:36.584501,1.059896298766427,-31.128630167402434,1.0
2025-09-02T13:48:36.738236,1.1601635745313668,-31.87754131082886,1.0
2025-09-02T13:48:36.893190,0.8668773757844876,-31.027195048007457,1.0
2025-09-02T13:48:37.047215,0.7423289031614964,-29.479602436898745,1.0
2025-09-02T13:48:37.199913,15.93321152995017,-172.34512028117877,1.0
2025-09-02T13:48:37.352552,13.31306235330378,-187.46963618214625,1.0
2025-09-02T13:48:37.506079,1.08344530030286,-32.57366440385658,1.0
2025-09-02T13:48:37.666382,-14.702669837523503,263.2774575008973,1.0
2025-09-02T13:48:37.823295,0.4880640703994939,-22.033187702858754,1.0
2025-09-02T13:48:37.983296,0.7220274405987054,-24.780195216732068,1.0
2025-09-02T13:48:38.139606,1.104743832552911,-31.956637363110076,1.0
2025-09-02T13:48:38.295599,-45.85802244171553,273.96931607167187,1.0
2025-09-02T13:48:38.448789,2.0319182502804716,-49.3036465570292,1.0
2025-09-02T13:48:38.596769,2.0537755913686566,-49.96955169475416,1.0
2025-09-02T13:48:38.740147,-23.587011499329744,-51.525584123762656,1.0
2025-09-02T13:48:38.886742,-35.088405692913916,643.9425467820188,1.0
2025-09-02T13:48:39.036387,1.6459985214286665,-44.10852787002682,1.0
2025-09-02T13:48:39.191683,-26.59359061353188,466.9461536637898,1.0
2025-09-02T13:48:39.344460,1.5043737850296068,-43.7994444299826,1.0
2025-09-02T13:48:39.496767,1.4461239400980563,-42.30646069821023,1.0
2025-09-02T13:48:39.648715,1.2576234300999447,-38.566098901632586,1.0
2025-09-02T13:48:39.803176,-9.476331934922527,144.73502005314845,1.0
2025-09-02T13:48:39.961116,-7.004769066067869,102.16397804840722,1.0
2025-09-02T13:48:40.115110,0.748819710494366,-30.72938507532558,1.0
2025-09-02T13:48:40.276683,-5.581802627858189,82.00818302380026,1.0
2025-09-02T13:48:40.436135,-5.203657038454443,79.93603513021844,1.0
2025-09-02T13:48:40.589681,1.344308076007693,-43.379937714883226,1.0
2025-09-02T13:48:40.741423,1.6963958902393332,-49.788513329098805,1.0
2025-09-02T13:48:40.896640,-2.2563920394614625,26.079436199894644,1.0
2025-09-02T13:48:41.047620,1.5841218151385275,-48.48993536090984,1.0
2025-09-02T13:48:41.202809,-1.645117328544324,15.66436524430685,1.0
2025-09-02T13:48:41.363604,-1.3131325864605372,11.682350953207788,1.0
2025-09-02T13:48:41.516657,1.1329496637805196,-40.66187337233737,1.0
2025-09-02T13:48:41.678009,-0.07726677347602807,3.117402572711626,1.0
2025-09-02T13:48:41.841988,-1.3427625530839893,17.370678260484738,1.0
2025-09-02T13:48:42.005238,-1.4292145389904065,21.130919962459757,1.0
2025-09-02T13:48:42.173400,-1.35195429349977,21.435531389545417,1.0
2025-09-02T13:48:42.337580,1.1479747990614815,-2.3126618035653337,1.0
2025-09-02T13:48:42.501137,-0.8237088390312997,14.020439307674792,1.0
2025-09-02T13:48:42.659318,1.5118199085665711,-51.990167799527626,1.0
2025-09-02T13:48:42.814166,1.2557683846992287,-46.46500602470064,1.0
2025-09-02T13:48:42.967328,-0.38911561778624343,6.960861302398484,1.0
2025-09-02T13:48:43.123178,0.36306804397989934,-27.886744972525094,1.0
2025-09-02T13:48:43.282512,-0.5652812652920826,-8.70864841461298,1.0
2025-09-02T13:48:43.442869,-1.6008158714085385,11.82360956886862,1.0
2025-09-02T13:48:43.595685,1.5184266636316779,-22.486006426282074,1.0
2025-09-02T13:48:43.747287,-2.360036085976226,32.55866678647749,1.0
2025-09-02T13:48:43.905178,0.8260454263105318,-16.204107497961786,1.0
2025-09-02T13:48:44.061987,1.3893106968305242,-18.15915404151076,1.0
2025-09-02T13:48:44.219622,0.8149700356145055,-10.3355492156428,1.0
2025-09-02T13:48:44.371427,-1.3556589832833466,19.45559972201181,1.0
2025-09-02T13:48:44.532195,0.11820760224182492,6.142257328458982,1.0
2025-09-02T13:48:44.689320,-0.019404495807373263,4.808563842220224,1.0
2025-09-02T13:48:44.849242,0.4873884435091298,0.7803237365319546,1.0
2025-09-02T13:48:45.001902,1.0282575465524817,-8.849116542095885,1.0
2025-09-02T13:48:45.155229,0.7166774536049881,-18.339706985721932,1.0
2025-09-02T13:48:45.308102,0.7921989765049068,-19.091901189221062,1.0
2025-09-02T13:48:45.460852,3.1084225441857805,125.0205654000132,1.0
2025-09-02T13:48:45.607683,0.5588091783496729,-15.512469512566668,1.0
2025-09-02T13:48:45.763703,3.76850498206765,115.83851515623053,1.0
2025-09-02T13:48:45.911243,0.4572742735840703,-12.85812041908639,1.0
2025-09-02T13:48:46.075357,1.6924901497475047,-30.22662418808352,1.0
2025-09-02T13:48:46.228181,-0.042182783365285956,-1.6188645944787368,1.0
2025-09-02T13:48:46.379766,-0.3194833450620857,3.1641011634496863,1.0
2025-09-02T13:48:46.541078,-0.883972589174516,15.77850602119986,1.0
2025-09-02T13:48:46.703598,-1.2802767242102833,30.90250404685071,1.0
2025-09-02T13:48:46.865323,-1.1263426816038746,28.71530973884046,1.0
2025-09-02T13:48:47.010206,-0.08262619486367172,2.6333606939789433,1.0
2025-09-02T13:48:47.165261,-0.6679755482554839,16.32763598381962,1.0
2025-09-02T13:48:47.313117,0.9591394564210618,-16.307924372740445,1.0
2025-09-02T13:48:47.460844,1.0743108842458693,-17.832173224087796,1.0
2025-09-02T13:48:47.610517,1.7378070828153345,-31.854219883242195,1.0
2025-09-02T13:48:47.770061,-0.831145419206565,17.485443159924102,1.0
2025-09-02T13:48:47.927647,-0.4704603595362419,15.182527432078928,1.0
2025-09-02T13:48:48.074556,2.6549298209936194,-50.8898030784228,1.0
2025-09-02T13:48:48.233509,-0.32568628777920516,20.734880092764342,1.0
2025-09-02T13:48:48.378635,1.4305688908251115,-29.653924033057933,1.0
2025-09-02T13:48:48.533558,0.25243245008831855,14.821638732192355,1.0
2025-09-02T13:48:48.679404,0.8623637600676768,-18.020791562387785,1.0
2025-09-02T13:48:48.828785,0.45066558431031684,-9.895481132334112,1.0
2025-09-02T13:48:48.977045,0.21276358770493584,-4.913613594799131,1.0
2025-09-02T13:48:49.130381,0.4877150352330843,16.113875076442582,1.0
2025-09-02T13:48:49.276620,-0.4981546320201676,11.977472433209869,1.0
2025-09-02T13:48:49.425381,0.875878062299394,5.953196401383593,1.0
2025-09-02T13:48:49.571400,-0.5346161740253917,13.804398518147195,1.0
2025-09-02T13:48:49.721665,1.2276580828985848,-2.70002892552759,1.0
2025-09-02T13:48:49.867633,0.6723502704919189,-7.146203977500932,1.0
2025-09-02T13:48:50.017924,0.7262103661787039,-5.150597975140499,1.0
2025-09-02T13:48:50.169746,1.0025591842461279,-10.78795261011112,1.0
2025-09-02T13:48:50.326122,-0.47044234612051394,9.891957915973535,1.0
2025-09-02T13:48:50.472800,1.2019234065250461,-15.492170797240874,1.0
2025-09-02T13:48:50.624978,0.6733646422858287,-0.44720984598393443,1.0
2025-09-02T13:48:50.773071,0.4382267000687925,-0.8527497859627147,1.0
2025-09-02T13:48:50.929450,1.7375578405149672,-13.13373315086426,1.0
2025-09-02T13:48:51.074565,-0.011508251442975402,9.260532334289906,1.0
2025-09-02T13:48:51.224983,0.976039877080271,1.7878912607054644,1.0
2025-09-02T13:48:51.371891,-1.039634597491934,29.73495346809443,1.0
2025-09-02T13:48:51.525281,-0.16554709184428554,22.988879814222628,1.0
2025-09-02T13:48:51.670361,-1.7282400842778276,47.48825984165069,1.0
2025-09-02T13:48:51.823317,-0.5305595340431873,20.526070548435882,1.0
2025-09-02T13:48:51.968106,-1.61551026223213,44.76219985022476,1.0
2025-09-02T13:48:52.119891,0.905460490394897,3.286180388811772,1.0
2025-09-02T13:48:52.274589,1.062950144720552,3.323044117616746,1.0
2025-09-02T13:48:52.428342,2.3490612658815118,-13.201292087920706,1.0
2025-09-02T13:48:52.572824,0.14715926240302393,21.710542395919333,1.0
2025-09-02T13:48:52.727457,4.573343013366458,111.9588208109567,1.0
2025-09-02T13:48:52.875551,1.9127940757352144,-12.343300055670625,1.0
2025-09-02T13:48:53.025939,5.312709069864932,102.25682732990322,1.0
2025-09-02T13:48:53.170846,0.7407104174672856,-16.21560093604728,1.0
2025-09-02T13:48:53.323780,4.246434454997023,117.9919976049614,1.0
2025-09-02T13:48:53.472447,2.3479977147512052,-39.76492159670761,1.0
2025-09-02T13:48:53.619762,2.2560258701344034,-45.42246645267983,1.0
2025-09-02T13:48:53.770449,2.8741326151334894,-50.6700921661361,1.0
2025-09-02T13:48:53.923234,2.1865951153041685,-43.77800953692963,1.0
2025-09-02T13:48:54.074286,2.8952955476681943,-55.13191792928774,1.0
2025-09-02T13:48:54.226973,1.3849474878912473,-35.78986262907972,1.0
2025-09-02T13:48:54.378229,0.07419663181507032,-21.660566351029843,1.0
2025-09-02T13:48:54.527816,4.575248489377276,-62.09379805685842,1.0
2025-09-02T13:48:54.674053,-7.191111811592562,196.76216513050304,1.0
2025-09-02T13:48:54.823657,5.625890529307286,85.78897601110668,1.0
2025-09-02T13:48:54.976902,-1.8979023463014761,11.994721866944701,1.0
2025-09-02T13:48:55.126844,2.832987660953635,-44.998423620820745,1.0
2025-09-02T13:48:55.272964,-6.522821304884511,68.96743509886812,1.0
2025-09-02T13:48:55.425663,0.08252223725142994,5.713500333215052,1.0
2025-09-02T13:48:55.575778,-17.448673419073607,141.45958705913233,1.0
2025-09-02T13:48:55.728943,-1.754499712620778,39.58302263940925,1.0
2025-09-02T13:48:55.881162,-15.984620180485114,168.6414001778112,1.0
2025-09-02T13:48:56.037784,-2.351557716916375,54.827064235910484,1.0
2025-09-02T13:48:56.187180,-1.7489931891614336,47.626015783442426,1.0
2025-09-02T13:48:56.336058,-19.28505210877044,183.36391386763034,1.0
2025-09-02T13:48:56.491161,0.0131754653358818,17.212667737948664,1.0
2025-09-02T13:48:56.642669,-17.539550609145273,174.5406312786679,1.0
2025-09-02T13:48:56.798868,0.9436525041061168,-1.1274672538081632,1.0
2025-09-02T13:48:56.951922,4.521034799030274,119.43598387001168,1.0
2025-09-02T13:48:57.098842,-16.675886120037692,175.39874294052765,1.0
2025-09-02T13:48:57.250378,-16.665644910356864,177.84332875188204,1.0
2025-09-02T13:48:57.416255,1.8882164070721406,-17.358536292953204,1.0
2025-09-02T13:48:57.563082,-21.099034366684812,246.43120284687575,1.0
2025-09-02T13:48:57.711393,-23.12841599764869,287.64717630890436,1.0
2025-09-02T13:48:57.865444,2.677746829563573,-31.80524464477253,1.0
2025-09-02T13:48:58.011105,-25.92192948648129,352.5565993236071,1.0
2025-09-02T13:48:58.162471,2.571770591739733,-33.89342738589767,1.0
2025-09-02T13:48:58.306676,-25.0392877560323,351.31831403216506,1.0
2025-09-02T13:48:58.461598,1.5492043598644352,-10.311868655909052,1.0
2025-09-02T13:48:58.603976,-23.131775823840876,319.87305537178213,1.0
2025-09-02T13:48:58.748075,-22.353252212068156,303.40232183112346,1.0
2025-09-02T13:48:58.907541,0.8365402904098341,-0.12319298605621043,1.0
2025-09-02T13:48:59.063120,1.1533991553958183,-6.507824863154724,1.0
2025-09-02T13:48:59.207688,-20.740033258278434,268.18161067944527,1.0
2025-09-02T13:48:59.361308,1.9776483481891376,-22.36681244335921,1.0
2025-09-02T13:48:59.507521,-20.243102730487397,260.5310607350832,1.0
2025-09-02T13:48:59.652389,-19.885400336437293,254.58615097402185,1.0
2025-09-02T13:48:59.797440,-19.286424992767696,252.28508230396574,1.0
2025-09-02T13:48:59.942168,-19.02690698422323,250.94331249080778,1.0
2025-09-02T13:49:00.096304,3.12074250241416,-47.609762600033264,1.0
2025-09-02T13:49:00.244566,-17.702589048778307,237.40558221573315,1.0
2025-09-02T13:49:00.398687,2.509679349712409,-46.78319851302899,1.0
2025-09-02T13:49:00.552536,2.3269671162894183,-45.01975929582761,1.0
2025-09-02T13:49:00.700304,-15.920601340964614,207.87970726406206,1.0
2025-09-02T13:49:00.850996,-13.639206274722515,170.3101229448348,1.0
2025-09-02T13:49:00.997152,-11.779610119488025,138.87059314235375,1.0
2025-09-02T13:49:01.143834,-10.020906160049938,112.32583788839611,1.0
2025-09-02T13:49:01.301948,-0.06404286257786111,-4.372707984470253,1.0
2025-09-02T13:49:01.459006,-0.14440996307162862,-10.794573673508808,1.0
2025-09-02T13:49:01.613537,2.1511267474976568,-39.35996651468997,1.0
2025-09-02T13:49:01.765504,1.5387788286314952,-37.894277992212665,1.0
2025-09-02T13:49:01.912389,-8.032159692484633,93.56649325817853,1.0
2025-09-02T13:49:02.062198,2.755460853314734,97.7171727277306,1.0
2025-09-02T13:49:02.212761,-8.01703285820058,100.22833285812294,1.0
2025-09-02T13:49:02.364641,2.802105867116758,105.89632934038184,1.0
2025-09-02T13:49:02.513665,-7.6900638534544745,108.63113759196017,1.0
2025-09-02T13:49:02.667282,1.9240877955255644,115.95086022171608,1.0
2025-09-02T13:49:02.824594,1.88596252857991,114.09879508528115,1.0
2025-09-02T13:49:02.981385,-5.537729152369396,81.18483710683381,1.0
2025-09-02T13:49:03.138695,0.7137103111197042,-20.097882813601018,1.0
2025-09-02T13:49:03.298597,-0.10730514699334777,-3.6566693511556423,1.0
2025-09-02T13:49:03.450642,-2.9010906027116774,40.471326619413276,1.0
2025-09-02T13:49:03.597547,-2.3140776865209567,31.269853621007655,1.0
2025-09-02T13:49:03.754339,-1.1593991726388868,21.84645053895622,1.0
2025-09-02T13:49:03.912327,-1.1480730180224585,24.76569965153749,1.0
2025-09-02T13:49:04.067841,-1.08918183624337,24.948948051883463,1.0
2025-09-02T13:49:04.223075,0.2146358167221362,-16.543146875702064,1.0
2025-09-02T13:49:04.379979,0.8002923378746033,-26.8117543224389,1.0
2025-09-02T13:49:04.533375,-2.6546286290561123,53.323991462557274,1.0
2025-09-02T13:49:04.692664,2.440759779984615,-51.349591723657795,1.0
2025-09-02T13:49:04.848333,2.113651266098217,-54.8255637441647,1.0
2025-09-02T13:49:05.008691,-2.336483176940123,54.09093958320466,1.0
2025-09-02T13:49:05.162627,3.146185608519426,-69.41897293951615,1.0
2025-09-02T13:49:05.320677,-1.0074793963231439,37.71820855020769,1.0
2025-09-02T13:49:05.476103,4.310929353628623,-89.7781543528962,1.0
2025-09-02T13:49:05.638300,-0.9385724220351218,38.368667066417174,1.0
2025-09-02T13:49:05.794959,-1.4288629580508068,45.95744402583625,1.0
2025-09-02T13:49:05.945143,0.6414981198947968,-28.568624735093977,1.0
2025-09-02T13:49:06.098039,-0.025444770118485057,35.59756853035128,1.0
2025-09-02T13:49:06.253935,-0.1949107188183758,-9.013437090700336,1.0
2025-09-02T13:49:06.408360,-0.11223552497490047,-11.60869129356604,1.0
2025-09-02T13:49:06.569275,0.5432211252479133,20.52606135046267,1.0
2025-09-02T13:49:06.723287,0.8240519646882063,19.571907472112116,1.0
2025-09-02T13:49:06.878649,2.0283550963326227,-52.18976077456364,1.0
2025-09-02T13:49:07.038794,-0.8303025013524438,53.32269719226895,1.0
2025-09-02T13:49:07.198366,-0.5185252895595526,48.397595175790116,1.0
2025-09-02T13:49:07.349521,2.6721576274255607,-75.37309112762841,1.0
2025-09-02T13:49:07.501812,0.3602812240953335,29.80295374874322,1.0
2025-09-02T13:49:07.657357,1.0639792066539562,22.05024332810035,1.0
2025-09-02T13:49:07.812583,3.36695521791541,-86.51442854770971,1.0
2025-09-02T13:49:07.966778,-0.1330881282134489,33.656084561516764,1.0
2025-09-02T13:49:08.122214,1.8074418780898747,-57.328152560059834,1.0
2025-09-02T13:49:08.276947,1.055296941482095,-45.41989261930007,1.0
2025-09-02T13:49:08.431475,-0.1965613420650127,37.83667520726681,1.0
2025-09-02T13:49:08.582615,0.5171197499189395,-31.818680292131376,1.0
2025-09-02T13:49:08.732079,0.319960731525687,-28.652851589470743,1.0
2025-09-02T13:49:08.885431,0.5123947725836893,-36.95821317229252,1.0
2025-09-02T13:49:09.036546,0.49632934055777733,-36.59926113606957,1.0
2025-09-02T13:49:09.193699,2.7347856276858407,131.2976809640188,1.0
2025-09-02T13:49:09.347114,0.20011195843726448,-33.639952663487975,1.0
2025-09-02T13:49:09.505143,3.1293269466411706,127.25697216387312,1.0
2025-09-02T13:49:09.665885,3.378506131464252,123.42354515656052,1.0
2025-09-02T13:49:09.821973,3.6529918941519717,118.66709031568575,1.0
2025-09-02T13:49:09.979018,2.9428368480355203,-22.014252991066314,1.0
2025-09-02T13:49:10.133813,3.866391218355735,117.703671030603,1.0
2025-09-02T13:49:10.294152,-0.22898646301860698,-22.442110884330532,1.0
2025-09-02T13:49:10.452667,-0.7494449493014037,-10.96611387702842,1.0
2025-09-02T13:49:10.608739,4.5353743981393055,104.16443956058231,1.0
2025-09-02T13:49:10.764633,4.216787164219391,107.63989771531556,1.0
2025-09-02T13:49:10.917245,-1.15386896676139,-1.4103629979692869,1.0
2025-09-02T13:49:11.071480,3.662750105047284,112.82726988321338,1.0
2025-09-02T13:49:11.232057,3.872068702310898,107.60273139921833,1.0
2025-09-02T13:49:11.390968,1.6574983028438042,-52.62599219098331,1.0
2025-09-02T13:49:11.548696,2.0524951988196967,-57.053654928348806,1.0
2025-09-02T13:49:11.709102,2.5320763909264183,135.65814585141402,1.0
2025-09-02T13:49:11.868706,1.8268380868725769,143.7530562711512,1.0
2025-09-02T13:49:12.030118,2.443792274078116,-68.4344861743757,1.0
2025-09-02T13:49:12.187319,2.966395233158859,-79.11503121903206,1.0
2025-09-02T13:49:12.343152,3.3961408384097895,-89.16676111558502,1.0
2025-09-02T13:49:12.497860,1.8120944467834967,135.75461419723558,1.0
2025-09-02T13:49:12.648723,3.333023154909217,-92.95179645817075,1.0
2025-09-02T13:49:12.803712,0.8621894566704728,141.01362524720332,1.0
2025-09-02T13:49:12.962505,1.4312795774756262,150.28078616432663,1.0
2025-09-02T13:49:13.115106,1.6880826438682097,-60.30178095291501,1.0
2025-09-02T13:49:13.275402,-0.08038285208460035,17.504024314914886,1.0
2025-09-02T13:49:13.432726,0.41521421612326,11.117086435303008,1.0
2025-09-02T13:49:13.586004,2.511225062369358,-41.401441075558296,1.0
2025-09-02T13:49:13.741387,2.6845153732647926,-38.3230395512943,1.0
2025-09-02T13:49:13.900641,3.274570982954735,123.85807741403335,1.0
2025-09-02T13:49:14.054777,5.991860013947546,-65.80668384319347,1.0
2025-09-02T13:49:14.212594,10.760911401421993,-111.52065044466462,1.0
2025-09-02T13:49:14.365647,0.5781839366328233,9.331436976509849,1.0
2025-09-02T13:49:14.524314,17.112963753721132,-180.56928762060704,1.0
2025-09-02T13:49:14.683036,0.589458624558367,11.113744037862148,1.0
2025-09-02T13:49:14.844659,0.7830228947655409,7.827789303627469,1.0
2025-09-02T13:49:15.002729,1.3689546641150339,-0.08569430466263839,1.0
2025-09-02T13:49:15.161304,23.39951377309131,-235.7388331119903,1.0
2025-09-02T13:49:15.329004,24.39355879101703,-241.44710711173263,1.0
2025-09-02T13:49:15.487997,26.043458501914756,-260.8723219745432,1.0
2025-09-02T13:49:15.648318,3.7703332911954535,133.70242026972528,1.0
2025-09-02T13:49:15.803916,3.6806540394532528,132.33167095069018,1.0
2025-09-02T13:49:15.962214,31.605479079186896,-379.5720760409513,1.0
2025-09-02T13:49:16.115326,35.08526281899904,-470.75106652553717,1.0
2025-09-02T13:49:16.266165,3.878745486020447,128.74349341287325,1.0
2025-09-02T13:49:16.423854,3.173417060972747,135.6830344156548,1.0
2025-09-02T13:49:16.578068,38.6618650323715,-585.6707250614892,1.0
2025-09-02T13:49:16.728893,0.9924600198062363,3.8976430562759106,1.0
2025-09-02T13:49:16.877867,39.059030338592834,-609.6378167227601,1.0
2025-09-02T13:49:17.029814,1.7704069375561593,-13.148476625659782,1.0
2025-09-02T13:49:17.183424,37.18652621052924,-583.377048193662,1.0
2025-09-02T13:49:17.332865,3.183222761585979,-38.02901992117245,1.0
2025-09-02T13:49:17.484538,35.87494025293588,-570.6431555144717,1.0
2025-09-02T13:49:17.632656,31.671068725586466,-345.5985971468858,1.0
2025-09-02T13:49:17.780148,29.160028260296343,-307.5937366482883,1.0
2025-09-02T13:49:17.930263,2.3529015378365865,-29.809355193521696,1.0
2025-09-02T13:49:18.077635,19.63850218097612,-201.1156862555689,1.0
2025-09-02T13:49:18.229353,2.2333664400118973,-28.759059518851927,1.0
2025-09-02T13:49:18.379380,21.061252404580415,-163.7918691012597,1.0
2025-09-02T13:49:18.530711,3.575617699399812,104.3404206944731,1.0
2025-09-02T13:49:18.682170,2.7401954903862427,122.06842634676286,1.0
2025-09-02T13:49:18.834062,0.235776456494005,9.946779163858764,1.0
2025-09-02T13:49:18.985040,-0.06614758060845163,14.508997652889093,1.0
2025-09-02T13:49:19.129120,8.802653830256512,31.237870326912685,1.0
2025-09-02T13:49:19.275189,10.247530156993228,22.765247285611622,1.0
2025-09-02T13:49:19.423623,11.566414623149013,17.264985733271715,1.0
2025-09-02T13:49:19.567612,11.906603300648667,-151.23605561473465,1.0
2025-09-02T13:49:19.714400,2.2945788739851825,-32.377718330620496,1.0
2025-09-02T13:49:19.857172,9.619276536052357,-116.12408872526942,1.0
2025-09-02T13:49:20.000496,6.6428926998700675,-76.2174500144265,1.0
2025-09-02T13:49:20.143493,2.9314314324454434,-27.54680695707009,1.0
2025-09-02T13:49:20.289064,9.9294020326178,-99.15001363995691,1.0
2025-09-02T13:49:20.433052,5.857835190771183,-50.386037252764936,1.0
2025-09-02T13:49:20.578591,-4.80498296048815,69.45079605516014,1.0
2025-09-02T13:49:20.729401,1.3368665185114696,-28.01913813319993,1.0
2025-09-02T13:49:20.871695,5.860354798829467,-49.49748932124578,1.0
2025-09-02T13:49:21.015763,9.668204172059312,-72.3524943118855,1.0
2025-09-02T13:49:21.164479,-35.35607274422207,445.82560201334854,1.0
2025-09-02T13:49:21.311078,-2.4190830709891897,46.92746280836036,1.0
2025-09-02T13:49:21.459321,-3.2761910399557763,68.06302458518712,1.0
2025-09-02T13:49:21.606870,-3.486305748094671,75.42403037830445,1.0
2025-09-02T13:49:21.756630,-3.194140791456328,71.67512625724362,1.0
2025-09-02T13:49:21.903796,-66.1976786139539,1459.3322476928602,1.0
2025-09-02T13:49:22.056116,-0.5514226855840012,22.26580892009622,1.0
2025-09-02T13:49:22.207102,0.4953232089480726,5.212657644844853,1.0
2025-09-02T13:49:22.357435,0.7582564281597867,-0.16696520259120007,1.0
2025-09-02T13:49:22.503752,-67.02375836829908,1658.1243909375112,1.0
2025-09-02T13:49:22.653876,0.8828862648511067,0.8261440429000686,1.0
2025-09-02T13:49:22.801573,-32.122777978881736,527.4039457984356,1.0
2025-09-02T13:49:22.952502,10.289980965811193,-115.22330185038436,1.0
2025-09-02T13:49:23.102528,-28.727710031978063,489.18890263236267,1.0
2025-09-02T13:49:23.256649,-35.033597746070505,567.0735695458079,1.0
2025-09-02T13:49:23.405840,-54.15290808111256,799.9494824326835,1.0
2025-09-02T13:49:23.554958,-0.2592176363489247,29.70346125393371,1.0
2025-09-02T13:49:23.707848,-0.43858119857613487,33.564717959954805,1.0
2025-09-02T13:49:23.857724,-0.12342229674787765,26.87855235761947,1.0
2025-09-02T13:49:24.006255,-46.58335298487275,599.3247252836895,1.0
2025-09-02T13:49:24.157579,0.9103779408193058,7.117742191538355,1.0
2025-09-02T13:49:24.304860,-15.45301923508903,93.26182759814526,1.0
2025-09-02T13:49:24.457328,2.801254893491583,-31.055156532522915,1.0
2025-09-02T13:49:24.608015,-17.4715578905764,126.10592863682871,1.0
2025-09-02T13:49:24.760955,3.454706102631971,-47.825463589326546,1.0
2025-09-02T13:49:24.915054,-8.599878753504894,84.0830141497629,1.0
2025-09-02T13:49:25.069562,3.4376391516506866,-48.92644018070541,1.0
2025-09-02T13:49:25.223830,-4.6017395819848135,74.4506360285227,1.0
2025-09-02T13:49:25.380212,1.5790787662640482,-29.32321960858644,1.0
2025-09-02T13:49:25.531234,2.9478457389881725,-42.296713749113906,1.0
2025-09-02T13:49:25.683332,7.552098830775245,-93.82628461913407,1.0
2025-09-02T13:49:25.835466,16.42450796056223,-177.68738939259993,1.0
2025-09-02T13:49:25.988690,0.5291161082568496,242.00841287938294,1.0
2025-09-02T13:49:26.139006,-7.188902845755574,266.6798403815426,1.0
2025-09-02T13:49:26.288750,1.5599081373726364,-19.262608799119903,1.0
2025-09-02T13:49:26.439240,1.497833613109748,-19.43561730031979,1.0
2025-09-02T13:49:26.591778,1.6257700073240715,-24.505316735513134,1.0
2025-09-02T13:49:26.743443,-29.546003518770526,92.33407425843302,1.0
2025-09-02T13:49:26.892025,0.749992289520987,-6.220398788095508,1.0
2025-09-02T13:49:27.041129,-41.019664785849756,198.5843278575759,1.0
2025-09-02T13:49:27.189366,-0.020266821466897657,7.0337436675491745,1.0
2025-09-02T13:49:27.337180,-23.587011499329744,-51.525584123762656,1.0
2025-09-02T13:49:27.485725,-13.091603304857074,130.67938867080431,1.0
2025-09-02T13:49:27.632467,-30.70278259469036,550.9918789090661,1.0
2025-09-02T13:49:27.781971,-26.59359061353188,466.9461536637898,1.0
2025-09-02T13:49:27.933723,0.5552598055201844,-2.764223079807607,1.0
2025-09-02T13:49:28.091111,1.4503780586159527,4.368604422299313,1.0
2025-09-02T13:49:28.249949,-12.947329464797699,205.69135599057927,1.0
2025-09-02T13:49:28.403646,0.876110761895985,-10.349730467963354,1.0
2025-09-02T13:49:28.565055,-7.371585475258748,108.51258585839423,1.0
2025-09-02T13:49:28.727065,-6.069416895343847,87.70600694987002,1.0
2025-09-02T13:49:28.891696,-5.581802627858189,82.00818302380026,1.0
2025-09-02T13:49:29.051261,-5.203657038454443,79.93603513021844,1.0
2025-09-02T13:49:29.209373,2.0031047712170897,-23.405540425299023,1.0
2025-09-02T13:49:29.364609,1.6526030994196304,-17.824459615833348,1.0
2025-09-02T13:49:29.520908,-2.1606727649890285,24.465030576124718,1.0
2025-09-02T13:49:29.672322,1.375951634924782,-10.888689960447778,1.0
2025-09-02T13:49:29.826397,1.386462930865195,-12.874583367272407,1.0
2025-09-02T13:49:29.988822,-1.3131325864605372,11.682350953207788,1.0
2025-09-02T13:49:30.152102,-1.8238821908192016,12.443792989746726,1.0
2025-09-02T13:49:30.319003,-0.07726677347602807,3.117402572711626,1.0
2025-09-02T13:49:30.470610,1.414638024206313,-15.551505820643797,1.0
2025-09-02T13:49:30.619706,1.3757272825693592,-14.606982404462542,1.0
2025-09-02T13:49:30.768557,0.9336082869486052,-8.716874864801298,1.0
2025-09-02T13:49:30.930766,-1.0685000267721956,17.470878737145654,1.0
2025-09-02T13:49:31.090477,-0.8127224113265272,14.062794372186545,1.0
2025-09-02T13:49:31.247155,-0.669997377205492,11.234036995448719,1.0
2025-09-02T13:49:31.393378,1.869231541398506,-26.006797549353337,1.0
2025-09-02T13:49:31.545262,-0.4545049982219148,7.889732912513978,1.0
2025-09-02T13:49:31.692510,2.092521252051369,-30.305281501641957,1.0
2025-09-02T13:49:31.845364,0.17706180475309052,-2.6122740892297998,1.0
2025-09-02T13:49:31.994195,2.1111480087763446,-30.04925501262619,1.0
2025-09-02T13:49:32.149078,0.5661079568116728,-17.246587610600614,1.0
2025-09-02T13:49:32.295478,2.1983612631937315,-30.951118495593846,1.0
2025-09-02T13:49:32.451847,-0.4362778805100436,-20.514757796129743,1.0
2025-09-02T13:49:32.613456,0.8557615211169004,-14.409689906675112,1.0
2025-09-02T13:49:32.763736,2.4152335717620717,-38.28120643644729,1.0
2025-09-02T13:49:32.924520,0.5229551201756819,-3.311260547525876,1.0
2025-09-02T13:49:33.084395,0.08573863829525039,4.483583280300877,1.0
2025-09-02T13:49:33.235212,1.2058348945224155,-14.095279598778802,1.0
2025-09-02T13:49:33.399164,0.37431109224822046,1.924805523615305,1.0
2025-09-02T13:49:33.553082,0.7757195666767197,-4.085224128877371,1.0
2025-09-02T13:49:33.708833,0.932796572179881,-12.84442574849777,1.0
2025-09-02T13:49:33.858327,2.5113503187482045,-36.68147570560575,1.0
2025-09-02T13:49:34.011595,3.1084225441857805,125.0205654000132,1.0
2025-09-02T13:49:34.166016,2.040253235213762,-35.38538945497589,1.0
2025-09-02T13:49:34.318512,3.5527510131526014,120.6913229569451,1.0
2025-09-02T13:49:34.475832,1.7969224647307116,-32.78484765681196,1.0
2025-09-02T13:49:34.626922,2.8651272159434873,-46.23651007912679,1.0
2025-09-02T13:49:34.789634,3.195668777921393,118.00444353429634,1.0
2025-09-02T13:49:34.949868,0.5353971861609714,-11.492742740996846,1.0
2025-09-02T13:49:35.109559,1.6133168623166727,-6.264233980566814,1.0
2025-09-02T13:49:35.257309,1.9173035853531366,-40.20186884490977,1.0
2025-09-02T13:49:35.416805,-1.1932053396974638,29.768797506709234,1.0
2025-09-02T13:49:35.574599,-0.9157235872083863,24.779686978632412,1.0
2025-09-02T13:49:35.721093,0.38062142924773973,-13.542144034834791,1.0
2025-09-02T13:49:35.876107,-0.20007485974956046,10.862798695123956,1.0
2025-09-02T13:49:36.027504,1.0862632069516365,-32.284221981244855,1.0
2025-09-02T13:49:36.184723,-0.05171862340534675,1.0446738365619694,1.0
2025-09-02T13:49:36.333958,1.843079339162219,-49.73444244522034,1.0
2025-09-02T13:49:36.483662,1.6460357150203941,-46.974779516897,1.0
2025-09-02T13:49:36.631281,1.314537934955867,-40.111160059249414,1.0
2025-09-02T13:49:36.776555,0.7187547653795232,-31.706355018781323,1.0
2025-09-02T13:49:36.922003,0.29207039679949703,-24.16252914936581,1.0
2025-09-02T13:49:37.081299,0.16995164024180953,15.344388120789517,1.0
2025-09-02T13:49:37.228281,1.2317114020234299,-33.40514669232448,1.0
2025-09-02T13:49:37.383708,0.10869082510100872,17.699020972122526,1.0
2025-09-02T13:49:37.533223,0.20002003132295315,-9.108576972561082,1.0
2025-09-02T13:49:37.678786,-0.8183421947978331,9.355606423820745,1.0
2025-09-02T13:49:37.829297,-1.7641580891165367,31.501506600514404,1.0
2025-09-02T13:49:37.982055,1.066687846753428,7.4235574445713155,1.0
2025-09-02T13:49:38.133449,-2.417527548100809,43.929942105246255,1.0
2025-09-02T13:49:38.285367,-1.8305955274506387,32.1784656894032,1.0
2025-09-02T13:49:38.445753,-1.2193869798523986,21.462726759592215,1.0
2025-09-02T13:49:38.602391,-0.8939457556400865,14.709093316104031,1.0
2025-09-02T13:49:38.759889,-1.1047815506989553,20.195628979013236,1.0
2025-09-02T13:49:38.915163,-0.47044234612051394,9.891957915973535,1.0
2025-09-02T13:49:39.070138,-1.7433577631661594,38.15711797934159,1.0
2025-09-02T13:49:39.227254,-1.6458960210262288,38.24454058473384,1.0
2025-09-02T13:49:39.383367,3.2649327963228183,-26.608404924428214,1.0
2025-09-02T13:49:39.534027,-1.1505877385883394,29.58567098596518,1.0
2025-09-02T13:49:39.687611,-0.797178638568349,25.152203042248857,1.0
2025-09-02T13:49:39.842401,0.9771984775749534,-0.21718944763165382,1.0
2025-09-02T13:49:39.991127,-1.1518667702900351,34.532703514338436,1.0
2025-09-02T13:49:40.140549,-0.3081201430158135,26.31844874139972,1.0
2025-09-02T13:49:40.292260,-0.6347938107255684,30.255740700289948,1.0
2025-09-02T13:49:40.442161,-0.22348965871488075,25.318541872726883,1.0
2025-09-02T13:49:40.590530,-0.18734003410435285,9.072680356950855,1.0
2025-09-02T13:49:40.744764,0.905460490394897,3.286180388811772,1.0
2025-09-02T13:49:40.898030,0.9924985372007457,-15.429798994556222,1.0
2025-09-02T13:49:41.053736,2.3490612658815118,-13.201292087920706,1.0
2025-09-02T13:49:41.215076,2.2759083620560627,-21.193313558042405,1.0
2025-09-02T13:49:41.372077,0.6192117992964894,-12.032303222704286,1.0
2025-09-02T13:49:41.531424,-0.0042082564549142725,-3.041878306789954,1.0
2025-09-02T13:49:41.684558,5.136343396068813,102.78088923926066,1.0
2025-09-02T13:49:41.834112,4.845770123217803,108.44806760365987,1.0
2025-09-02T13:49:41.986870,2.7728266558367967,-30.669628641531062,1.0
2025-09-02T13:49:42.138487,2.337434509860672,-23.305068706482416,1.0
2025-09-02T13:49:42.289453,1.5356305696912629,-37.85366663062223,1.0
2025-09-02T13:49:42.441660,1.4924503299650531,-6.060508961851383,1.0
2025-09-02T13:49:42.595339,1.5222902905961722,-41.95390779955687,1.0
2025-09-02T13:49:42.744191,1.971393291897143,-16.87046255151688,1.0
2025-09-02T13:49:42.899078,1.4552755126073638,-45.98800599666697,1.0
2025-09-02T13:49:43.049829,4.128010400571716,-53.08350684159643,1.0
2025-09-02T13:49:43.197132,4.575248489377276,-62.09379805685842,1.0
2025-09-02T13:49:43.348944,5.979663776057431,86.6425941354745,1.0
2025-09-02T13:49:43.502344,-0.1502705287423834,-22.385427457103788,1.0
2025-09-02T13:49:43.652664,-1.1853297029041079,-2.829332607142078,1.0
2025-09-02T13:49:43.804611,2.78061331893813,126.35059475144317,1.0
2025-09-02T13:49:43.960489,-2.3514788298031397,23.269943025381735,1.0
2025-09-02T13:49:44.112707,-0.2881721577179561,12.423940006828502,1.0
2025-09-02T13:49:44.264473,-1.0659595415742245,26.982740045599485,1.0
2025-09-02T13:49:44.413469,-2.2456953957675023,48.589024808867634,1.0
2025-09-02T13:49:44.574984,-2.7610525419357064,38.64321252806019,1.0
2025-09-02T13:49:44.734863,-2.6103912807520766,37.123168400916256,1.0
2025-09-02T13:49:44.891668,-1.2429727398032566,40.793167183199444,1.0
2025-09-02T13:49:45.044833,-0.2740366966132089,24.710285062456364,1.0
2025-09-02T13:49:45.200863,-3.103637061517932,48.350548143962214,1.0
2025-09-02T13:49:45.362136,0.9110295963151177,1.9120392474484333,1.0
2025-09-02T13:49:45.520263,4.775416034926429,117.22409970770468,1.0
2025-09-02T13:49:45.675978,4.659132391948836,117.2604117448833,1.0
2025-09-02T13:49:45.825278,-3.5329352089811743,51.78236009804925,1.0
2025-09-02T13:49:45.977847,2.0654407775812746,-20.022550152654617,1.0
2025-09-02T13:49:46.124202,-5.089195375013418,83.98926054615958,1.0
2025-09-02T13:49:46.274093,2.1039454783494413,-24.048522872657145,1.0
2025-09-02T13:49:46.423994,-5.591143949147816,92.7043970669265,1.0
2025-09-02T13:49:46.575805,2.9643104612768685,-33.108858899533175,1.0
2025-09-02T13:49:46.725725,-5.64660436582066,94.1770401773963,1.0
2025-09-02T13:49:46.879027,2.540228179559572,-29.539232032173004,1.0
2025-09-02T13:49:47.033259,-4.943647211158133,87.29740493243594,1.0
2025-09-02T13:49:47.185941,1.2423353122224445,-3.967320937816794,1.0
2025-09-02T13:49:47.342661,0.8428622511524814,-0.16583495002669224,1.0
2025-09-02T13:49:47.496490,-3.6528733871271624,68.62173559059147,1.0
2025-09-02T13:49:47.653397,1.2316122840800963,-5.823947397561369,1.0
2025-09-02T13:49:47.807689,-2.133377777532464,43.895107585025244,1.0
2025-09-02T13:49:47.960034,-1.5837831564962037,34.474215973905416,1.0
2025-09-02T13:49:48.113493,2.5188678673527574,-30.4375961736896,1.0
2025-09-02T13:49:48.265783,2.736963878867065,-33.638600229424696,1.0
2025-09-02T13:49:48.413707,-0.9310701262537108,31.494846675241888,1.0
2025-09-02T13:49:48.561941,2.747760927459974,-36.22558311079047,1.0
2025-09-02T13:49:48.711496,-1.2129660048919038,40.54512961508283,1.0
2025-09-02T13:49:48.863236,-1.0472375587807192,38.03426118523976,1.0
2025-09-02T13:49:49.016720,2.509679349712409,-46.78319851302899,1.0
2025-09-02T13:49:49.165843,-0.45413630751134126,31.877534774092055,1.0
2025-09-02T13:49:49.314399,-0.6533790559246763,37.35038009431446,1.0
2025-09-02T13:49:49.464679,-0.8611009153369025,42.653056571103434,1.0
2025-09-02T13:49:49.615557,1.0349763751367467,-22.94583599249222,1.0
2025-09-02T13:49:49.764816,-0.01474486071924455,27.856988676336414,1.0
2025-09-02T13:49:49.922944,-0.14476850129765584,-3.0199311340670647,1.0
2025-09-02T13:49:50.077282,1.2418171279415102,-22.721229680740976,1.0
2025-09-02T13:49:50.229569,2.2908056993085624,-16.109551822539743,1.0
2025-09-02T13:49:50.379206,1.3492785749301148,-34.974367377114845,1.0
2025-09-02T13:49:50.530609,1.094423729809438,2.990833452569632,1.0
2025-09-02T13:49:50.680509,2.5426527158969363,100.22607930783465,1.0
2025-09-02T13:49:50.833169,0.31527755479824643,16.24705033757016,1.0
2025-09-02T13:49:50.983705,0.0843380108859613,23.088334770611596,1.0
2025-09-02T13:49:51.137057,-0.3695060981531257,27.45397061100539,1.0
2025-09-02T13:49:51.294677,1.9240877955255644,115.95086022171608,1.0
2025-09-02T13:49:51.451464,1.6248823192559394,112.22343238134454,1.0
2025-09-02T13:49:51.605453,1.9162743167328993,-35.91960121086777,1.0
2025-09-02T13:49:51.758565,-1.1598400396209576,36.52552545930803,1.0
2025-09-02T13:49:51.915784,-0.10730514699334777,-3.6566693511556423,1.0
2025-09-02T13:49:52.068953,-0.28056115726180864,18.742367023333372,1.0
2025-09-02T13:49:52.224778,0.5168822020043826,3.6010283732713333,1.0
2025-09-02T13:49:52.378579,-1.1349103529556537,24.349996839412256,1.0
2025-09-02T13:49:52.531702,1.3796399307313945,-15.670666652180444,1.0
2025-09-02T13:49:52.680814,-1.08918183624337,24.948948051883463,1.0
2025-09-02T13:49:52.832394,1.4127252910715649,-18.667948445838647,1.0
2025-09-02T13:49:52.981560,-2.054428047173356,45.618247127721474,1.0
2025-09-02T13:49:53.130917,0.8988172652961656,-17.90641538999546,1.0
2025-09-02T13:49:53.283758,-2.770200869173474,58.47845544874963,1.0
2025-09-02T13:49:53.437386,-2.9132074398140064,64.71928860974185,1.0
2025-09-02T13:49:53.591388,0.16060808879727823,-11.415277524419935,1.0
2025-09-02T13:49:53.747445,-0.20372978407724832,-4.346132741230235,1.0
2025-09-02T13:49:53.901882,-1.150985872264304,11.796944082740765,1.0
2025-09-02T13:49:54.061879,-1.2659639205558293,35.5958492554812,1.0
2025-09-02T13:49:54.218215,-0.9132303545226017,37.58082054789611,1.0
2025-09-02T13:49:54.376374,-1.3272128815058721,44.22149647701656,1.0
2025-09-02T13:49:54.531628,-1.9846170345270888,36.7326123103752,1.0
2025-09-02T13:49:54.686452,-0.2379624981934894,38.65562454237545,1.0
2025-09-02T13:49:54.842658,-6.08643368000005,72.55303279070915,1.0
2025-09-02T13:49:54.998428,-7.319841571518502,95.7257782244676,1.0
2025-09-02T13:49:55.157595,0.6437176312221845,19.86165620875761,1.0
2025-09-02T13:49:55.313414,0.37783409569034576,25.02422303362846,1.0
2025-09-02T13:49:55.471287,-6.257987901968674,87.74190631603255,1.0
2025-09-02T13:49:55.631280,-5.871973663396988,81.40273680273935,1.0
2025-09-02T13:49:55.789391,-4.914297996352262,67.57831110069947,1.0
2025-09-02T13:49:55.945643,-0.19584402297148717,41.35945092554584,1.0
2025-09-02T13:49:56.106391,-3.828480485773547,60.152395401139074,1.0
2025-09-02T13:49:56.264057,-3.2764745105433426,59.92225777500482,1.0
2025-09-02T13:49:56.421759,0.23012622292507803,31.892499236337926,1.0
2025-09-02T13:49:56.579269,-0.1330881282134489,33.656084561516764,1.0
2025-09-02T13:49:56.736662,-2.284245003527541,175.06776113289368,1.0
2025-09-02T13:49:56.896536,-1.8866943275894832,166.71174639074854,1.0
2025-09-02T13:49:57.049901,-0.3151264290257171,38.641918608016795,1.0
2025-09-02T13:49:57.205245,-0.823415570581068,154.97207762462858,1.0
2025-09-02T13:49:57.362979,0.292075848569646,154.65835356678758,1.0
2025-09-02T13:49:57.518291,1.5248187203962902,5.157008940129117,1.0
2025-09-02T13:49:57.679309,1.797271150830821,0.12173094319587108,1.0
2025-09-02T13:49:57.838242,0.4101002536295713,156.83074207371067,1.0
2025-09-02T13:49:57.995576,0.4970569393064152,151.24663925936386,1.0
2025-09-02T13:49:58.154408,3.0797929273145654,128.3183950241189,1.0
2025-09-02T13:49:58.311512,-5.091596646171191,26.55544538992399,1.0
2025-09-02T13:49:58.462006,-2.373230457622758,32.560245358480415,1.0
2025-09-02T13:49:58.615848,3.6467460282836432,119.966573808097,1.0
2025-09-02T13:49:58.769470,-2.686136543626969,47.66236230890013,1.0
2025-09-02T13:49:58.927928,-2.624515461390169,53.23450949513358,1.0
2025-09-02T13:49:59.084760,3.5562052849897814,107.43277434446156,1.0
2025-09-02T13:49:59.248540,4.2526434845901875,105.77549867071184,1.0
2025-09-02T13:49:59.415402,-0.9188929547183193,42.80401722790475,1.0
2025-09-02T13:49:59.569297,-0.6806443746860364,39.59390813826121,1.0
2025-09-02T13:49:59.731694,-0.5766217399052241,38.24190536194715,1.0
2025-09-02T13:49:59.887479,-0.38911167265509605,33.18749662785308,1.0
2025-09-02T13:50:00.045977,3.7520412208693292,108.80716404717225,1.0
2025-09-02T13:50:00.200785,-0.27973870188220884,27.77590252255925,1.0
2025-09-02T13:50:00.363751,2.5320763909264183,135.65814585141402,1.0
2025-09-02T13:50:00.525145,1.6898394184373953,143.70684300841185,1.0
2025-09-02T13:50:00.680579,1.425222653479129,145.68324132757436,1.0
2025-09-02T13:50:00.837810,0.31917499730986454,13.710903176352076,1.0
2025-09-02T13:50:00.994272,0.37030565635354085,9.995688235847297,1.0
2025-09-02T13:50:01.150234,1.9717026683578227,135.09717694886035,1.0
2025-09-02T13:50:01.303332,0.8643130996754714,0.3067647492323431,1.0
2025-09-02T13:50:01.456220,1.5555691287163518,-13.70180738411068,1.0
2025-09-02T13:50:01.616023,1.3475853725770783,147.71524605889772,1.0
2025-09-02T13:50:01.769653,2.114289712575387,-26.650735281921698,1.0
2025-09-02T13:50:01.933390,-0.2522287200907215,18.885980617472796,1.0
2025-09-02T13:50:02.091167,2.353759743523353,-32.496356112440935,1.0
2025-09-02T13:50:02.254853,0.9915714057806272,-0.48803799075017196,1.0
2025-09-02T13:50:02.413527,3.1503729114737027,124.61393573910641,1.0
2025-09-02T13:50:02.565440,2.6558881483045256,-38.265679835722835,1.0
2025-09-02T13:50:02.721856,1.2577739484992922,-4.02265899964641,1.0
2025-09-02T13:50:02.885588,0.9271600259364267,0.9917819627260087,1.0
2025-09-02T13:50:03.045056,0.4448727382190582,10.894373343943698,1.0
2025-09-02T13:50:03.200709,2.81846592605891,-41.90417557819353,1.0
2025-09-02T13:50:03.362055,0.6391713708958973,10.280002800613829,1.0
2025-09-02T13:50:03.519548,1.398959315758357,0.8921388513745114,1.0
2025-09-02T13:50:03.671677,2.767134272349487,-40.849643489599316,1.0
2025-09-02T13:50:03.833200,2.77886142010399,-40.8909475686321,1.0
2025-09-02T13:50:03.987060,2.797447297000507,-40.98219584201331,1.0
2025-09-02T13:50:04.145975,3.5617965855324236,136.06331132274101,1.0
2025-09-02T13:50:04.301199,3.4379672659503373,-53.266394674280036,1.0
2025-09-02T13:50:04.458298,3.913392986664554,130.94085219353747,1.0
2025-09-02T13:50:04.612494,3.731013099011912,130.8619426244136,1.0
2025-09-02T13:50:04.766665,3.739047636721623,-59.394555186979346,1.0
2025-09-02T13:50:04.919198,3.6865191074281047,131.52475367253112,1.0
2025-09-02T13:50:05.070706,4.067952448080916,-64.57794374274522,1.0
2025-09-02T13:50:05.225005,4.084037688980313,-64.78650231338929,1.0
2025-09-02T13:50:05.377661,4.00782549206194,-63.622597593217506,1.0
2025-09-02T13:50:05.529201,3.990829492411655,-64.27708952391595,1.0
2025-09-02T13:50:05.679035,1.9303820325423608,-16.80941928827542,1.0
2025-09-02T13:50:05.832305,4.213150026346974,-67.4632306568509,1.0
2025-09-02T13:50:05.985155,3.154756412149397,-38.53228953404664,1.0
2025-09-02T13:50:06.148468,4.380123126324502,-70.90415645794451,1.0
2025-09-02T13:50:06.307871,4.463766567658226,-73.54460852150396,1.0
2025-09-02T13:50:06.469118,4.642942037144383,-76.96047047022239,1.0
2025-09-02T13:50:06.623676,4.669239953522724,-76.56998002848513,1.0
2025-09-02T13:50:06.779852,2.2634428168953535,-26.41458337049744,1.0
2025-09-02T13:50:06.936823,5.026679234757019,-85.06936913089623,1.0
2025-09-02T13:50:07.096083,3.9840425313714425,94.56675168811671,1.0
2025-09-02T13:50:07.252606,2.966935247683823,117.4748067264079,1.0
2025-09-02T13:50:07.407048,5.954142237671236,-102.01105543525637,1.0
2025-09-02T13:50:07.560211,6.022337188602621,-104.6957676983194,1.0
2025-09-02T13:50:07.712107,-0.12610308055773034,15.030367250443987,1.0
2025-09-02T13:50:07.863613,6.455495380948461,-111.86897523617347,1.0
2025-09-02T13:50:08.015731,0.14321718669798927,10.172502549957585,1.0
2025-09-02T13:50:08.169769,7.172602430455533,-126.03422667770474,1.0
2025-09-02T13:50:08.326860,2.0982994524245164,-28.40037374667986,1.0
2025-09-02T13:50:08.477172,2.928561574832343,-45.398396405890026,1.0
2025-09-02T13:50:08.629499,7.878067681819893,-140.08990241313427,1.0
2025-09-02T13:50:08.780907,2.7722437201617023,-46.73567954889154,1.0
2025-09-02T13:50:08.936413,7.898522822243649,36.029505475564974,1.0
2025-09-02T13:50:09.086998,2.454004030005274,-48.3741872103526,1.0
2025-09-02T13:50:09.245481,7.732119435964499,38.564577378052945,1.0
2025-09-02T13:50:09.399237,7.60224764893919,41.168694913980175,1.0
2025-09-02T13:50:09.549508,0.45019617982540705,-9.958526936708267,1.0
2025-09-02T13:50:09.704193,7.604723363979885,41.33365425783916,1.0
2025-09-02T13:50:09.897140,-0.18966821104996245,56.11899343768846,1.0
2025-09-02T13:50:10.049214,-3.2761910399557763,68.06302458518712,1.0
2025-09-02T13:50:10.198780,-3.75202321447782,77.66587942916055,1.0
2025-09-02T13:50:10.394622,-5.946164702405228,56.178926871202066,1.0
2025-09-02T13:50:10.543123,-1.9574099241395855,48.17366381079967,1.0
2025-09-02T13:50:10.685674,-1.7191062300282025,20.419031708578586,1.0
2025-09-02T13:50:10.840758,0.4953232089480726,5.212657644844853,1.0
2025-09-02T13:50:10.986357,-2.4489289525761557,28.935734680019777,1.0
2025-09-02T13:50:11.145056,0.7140147355351866,1.6750185566074833,1.0
2025-09-02T13:50:11.290553,-2.2543994767564466,27.250438271143025,1.0
2025-09-02T13:50:11.444184,0.8284801267151204,3.557660732817908,1.0
2025-09-02T13:50:11.593612,-1.875516535117571,16.584891803719756,1.0
2025-09-02T13:50:11.743834,0.5569459065259657,11.86573857161352,1.0
2025-09-02T13:50:11.900964,-0.3628978439081125,-11.51118710119465,1.0
2025-09-02T13:50:12.052060,0.20302115558428527,20.49929287484497,1.0
2025-09-02T13:50:12.214912,0.09624060930872723,-16.894404370582492,1.0
2025-09-02T13:50:12.374138,-0.5460847889279421,-4.284129978664623,1.0
2025-09-02T13:50:12.530357,-0.8304199398604377,1.248587494744811,1.0
2025-09-02T13:50:12.677599,0.3763709402051553,18.055226577011126,1.0
2025-09-02T13:50:12.831342,-2.9834138897836953,42.45444938664559,1.0
2025-09-02T13:50:12.980063,2.3125921102921563,-21.41303518422933,1.0
2025-09-02T13:50:13.137136,-3.9646086628705186,65.6445493371516,1.0
2025-09-02T13:50:13.293047,3.335723854797213,-44.11225869151065,1.0
2025-09-02T13:50:13.444630,3.4701390565176626,-47.48333225164538,1.0
2025-09-02T13:50:13.594938,3.3884731880331933,-46.73122081072074,1.0
2025-09-02T13:50:13.742613,3.5247736738842166,-51.0824610627277,1.0
2025-09-02T13:50:13.894324,-2.6054414827714294,42.643291750309686,1.0
2025-09-02T13:50:14.043322,3.191163612233461,-46.24648471779733,1.0
2025-09-02T13:50:14.194528,-0.4478004645407367,4.668615939139158,1.0
2025-09-02T13:50:14.342742,2.06826761723708,-24.96458547282532,1.0
2025-09-02T13:50:14.493699,0.16424215922769192,-4.954537666258261,1.0
2025-09-02T13:50:14.641797,1.6813229504745175,-18.725887952580933,1.0
2025-09-02T13:50:14.792356,-0.5677415249457839,10.122425129575163,1.0
2025-09-02T13:50:14.938874,1.5045047130058997,-18.57641666825873,1.0
2025-09-02T13:50:15.093070,-0.9940772645039596,18.754645568227488,1.0
2025-09-02T13:50:15.245485,1.6257700073240715,-24.505316735513134,1.0
2025-09-02T13:50:15.402776,-0.28098419981659534,6.349573600583199,1.0
2025-09-02T13:50:15.562675,0.44572647951695893,-7.740521252569351,1.0
2025-09-02T13:50:15.714480,0.13751767717646246,4.932741618194882,1.0
2025-09-02T13:50:15.875568,2.442168620667007,-47.28447538612454,1.0
2025-09-02T13:50:16.029232,2.6146142964039103,-49.5282814593827,1.0
2025-09-02T13:50:16.177018,-0.09898297121517852,7.922933144486024,1.0
2025-09-02T13:50:16.333728,1.8555622174818578,-39.12957356039226,1.0
2025-09-02T13:50:16.481620,0.40627959497072297,-0.3208496917283128,1.0
2025-09-02T13:50:16.642241,2.0541438717611276,-43.77849455042906,1.0
2025-09-02T13:50:16.798932,1.779766369931002,-38.440352307306284,1.0
2025-09-02T13:50:16.946159,0.8291110099282943,-10.270076131987366,1.0
2025-09-02T13:50:17.100475,1.3752429377893776,-31.96656582951141,1.0
2025-09-02T13:50:17.248756,1.336640190685041,-15.246522268946137,1.0
2025-09-02T13:50:17.401358,1.059542459288791,-27.501554044554837,1.0
2025-09-02T13:50:17.556854,1.3398191400782586,-33.15555014829056,1.0
2025-09-02T13:50:17.710472,1.4745962017114964,-17.56895814297866,1.0
2025-09-02T13:50:17.864701,1.539801428473684,-37.942627159271865,1.0
2025-09-02T13:50:18.020527,1.6583092572644358,-17.624534280766056,1.0
2025-09-02T13:50:18.180523,0.6663344037987946,-18.874114976441888,1.0
2025-09-02T13:50:18.336554,0.2133696544720235,-10.48184952755878,1.0
2025-09-02T13:50:18.488251,1.26632923064385,-12.084335003986212,1.0
2025-09-02T13:50:18.638953,1.3241689706109092,-13.375884779675857,1.0
2025-09-02T13:50:18.791236,-0.5220159107969478,5.770108813603883,1.0
2025-09-02T13:50:18.939475,1.4171480309630264,-14.145336935131581,1.0
2025-09-02T13:50:19.097186,0.5287807850234348,-11.79712650530837,1.0
2025-09-02T13:50:19.248677,1.2336647361793853,-13.086141498737447,1.0
2025-09-02T13:50:19.403112,1.2827295537941152,-24.83676571502542,1.0
2025-09-02T13:50:19.557069,1.349529503632238,-25.292962608206494,1.0
2025-09-02T13:50:19.707896,1.1953484279010116,-14.042632915594368,1.0
2025-09-02T13:50:19.861535,1.7495838950820344,-33.4328322740007,1.0
2025-09-02T13:50:20.007241,1.869231541398506,-26.006797549353337,1.0
2025-09-02T13:50:20.162072,2.547623793373639,-47.97000785866976,1.0
2025-09-02T13:50:20.309340,2.092521252051369,-30.305281501641957,1.0
2025-09-02T13:50:20.461631,2.504782463365129,-48.71821112386988,1.0
2025-09-02T13:50:20.608681,2.1111480087763446,-30.04925501262619,1.0
2025-09-02T13:50:20.755321,2.0210113717264,-27.077473660923715,1.0
2025-09-02T13:50:20.902770,1.7093822068214668,-32.49179974608887,1.0
2025-09-02T13:50:21.049935,1.7264901046440004,-33.87165829031392,1.0
2025-09-02T13:50:21.195092,2.6409553252096347,-41.52516448004542,1.0
2025-09-02T13:50:21.345140,2.562971585891946,-40.77141864743385,1.0
2025-09-02T13:50:21.494715,2.272229602596693,-34.66916249587655,1.0
2025-09-02T13:50:21.645993,1.9406287050169555,-27.814715794991344,1.0
2025-09-02T13:50:21.788303,2.500023688752672,-53.85533957921746,1.0
2025-09-02T13:50:21.940329,1.0837065607526932,-11.679751605889123,1.0
2025-09-02T13:50:22.094716,1.2560303990130475,-16.140754096636442,1.0
2025-09-02T13:50:22.248024,1.6332150348928325,-21.79401970665549,1.0
2025-09-02T13:50:22.387238,0.6038668500356945,-21.56677875858213,1.0
2025-09-02T13:50:22.542013,2.6469923955142174,-39.12064320469028,1.0
2025-09-02T13:50:22.677885,0.71490409380693,-24.412357523924356,1.0
2025-09-02T13:50:22.831966,2.050353958268334,-35.85311700987222,1.0
2025-09-02T13:50:22.983876,1.9795955052498504,-35.593458276035335,1.0
2025-09-02T13:50:23.136866,1.9594165972355484,-36.996169470207064,1.0
2025-09-02T13:50:23.294544,2.8273517700755284,-46.56591916392699,1.0
2025-09-02T13:50:23.449114,2.286731175241134,-43.96635596924534,1.0
2025-09-02T13:50:23.590026,2.9209252849744725,-66.37169838390525,1.0
2025-09-02T13:50:23.729465,2.9823815514264247,-68.92358051080396,1.0
2025-09-02T13:50:23.876794,2.1366294477665666,-41.99599823275639,1.0
2025-09-02T13:50:24.015283,0.04648724957468495,-12.083031701626396,1.0
2025-09-02T13:50:24.153463,-0.8016232886245813,4.8029635609921115,1.0
2025-09-02T13:50:24.306985,0.38062142924773973,-13.542144034834791,1.0
2025-09-02T13:50:24.450140,-1.2164374882907434,12.84192444733685,1.0
2025-09-02T13:50:24.595080,-0.7830400156965834,5.676238666922131,1.0
2025-09-02T13:50:24.744531,1.4338324993199472,-42.84122566357178,1.0
2025-09-02T13:50:24.892147,0.8875142048209896,-24.853420532583414,1.0
2025-09-02T13:50:25.040957,1.6460357150203941,-46.974779516897,1.0
2025-09-02T13:50:25.185831,2.562811418727164,-57.41420373684036,1.0
2025-09-02T13:50:25.330711,2.5620296146753323,-58.00378925509108,1.0
2025-09-02T13:50:25.480433,0.45247072766074287,-26.746414487336324,1.0
2025-09-02T13:50:25.622496,2.333682520004667,-55.55756763926286,1.0
2025-09-02T13:50:25.774493,0.5640239975035489,-25.81243382751336,1.0
2025-09-02T13:50:25.915476,2.396061039407563,-58.836289150526,1.0
2025-09-02T13:50:26.053950,2.4529957868873793,-60.51004747060961,1.0
2025-09-02T13:50:26.201880,-0.3357453601998405,0.005636469819592094,1.0
2025-09-02T13:50:26.340877,2.880683114089978,-70.1833644954396,1.0
2025-09-02T13:50:26.479626,2.3841799801927324,-60.54391391981733,1.0
2025-09-02T13:50:26.615797,1.8213342896549167,-50.21190968275971,1.0
2025-09-02T13:50:26.752780,1.404307048643613,-43.419578698349824,1.0
2025-09-02T13:50:26.904402,-1.6502410567678458,29.339934257826712,1.0
2025-09-02T13:50:27.042548,-0.66237150407563,-3.8116153692362786,1.0
2025-09-02T13:50:27.200088,-0.8047596191841218,14.120811332025141,1.0
2025-09-02T13:50:27.358223,-1.1047815506989553,20.195628979013236,1.0
2025-09-02T13:50:27.515299,-1.4480341064504871,33.03586866283081,1.0
2025-09-02T13:50:27.657699,-2.2542409708625883,35.15258422200077,1.0
2025-09-02T13:50:27.809714,-1.7251132534624354,39.12098050345844,1.0
2025-09-02T13:50:27.948551,-2.1688062237281467,38.02505532725979,1.0
2025-09-02T13:50:28.087261,-1.7179762823034035,30.43318569608823,1.0
2025-09-02T13:50:28.231520,-1.1313825381217097,20.86656489279369,1.0
2025-09-02T13:50:28.391339,-0.7671693323065233,24.710950506945892,1.0
2025-09-02T13:50:28.544349,-1.0548946018656897,32.36598627898957,1.0
2025-09-02T13:50:28.688022,1.523806652553385,-28.753763470539297,1.0
2025-09-02T13:50:28.841300,-1.6534315529754477,41.265294933976634,1.0
2025-09-02T13:50:28.985768,1.8475061110276916,-35.80154413201285,1.0
2025-09-02T13:50:29.138566,-0.5300637077527772,22.461508648530526,1.0
2025-09-02T13:50:29.277560,2.1502662634218703,-42.400936039113276,1.0
2025-09-02T13:50:29.417826,2.1156952443740544,-42.600859467568284,1.0
2025-09-02T13:50:29.569678,0.9157872334011786,-17.441772008994917,1.0
2025-09-02T13:50:29.712251,2.426624005347649,-50.40869033221861,1.0
2025-09-02T13:50:29.851281,2.6116275617672278,-55.85132623379161,1.0
2025-09-02T13:50:30.001954,0.553152962616431,-10.457987691083531,1.0
2025-09-02T13:50:30.142774,1.844486965559518,-41.58001464861036,1.0
2025-09-02T13:50:30.282010,1.06671194942327,-25.315675965908667,1.0
2025-09-02T13:50:30.420362,0.6260024775175328,-18.7664409063417,1.0
2025-09-02T13:50:30.565542,0.3329315320170531,-12.987385061383975,1.0
2025-09-02T13:50:30.718808,0.8968006280339998,-24.2509777243215,1.0
2025-09-02T13:50:30.860513,1.0136707958322715,-24.557138728840755,1.0
2025-09-02T13:50:31.003029,1.3184134957221707,-30.396808801798215,1.0
2025-09-02T13:50:31.146041,1.2848372685968161,-29.922961420998035,1.0
2025-09-02T13:50:31.288818,1.4719924711497374,-33.92161936441141,1.0
2025-09-02T13:50:31.448682,2.4512284317105366,-53.536755053099,1.0
2025-09-02T13:50:31.593187,0.690385139370254,-22.077956419957218,1.0
2025-09-02T13:50:31.739471,0.8096981198102763,-24.842790412880618,1.0
2025-09-02T13:50:31.882722,1.2470024914825322,-32.86405538474742,1.0
2025-09-02T13:50:32.029039,1.4270273215726124,-36.2539132588098,1.0
2025-09-02T13:50:32.186218,-0.5113235850311739,-14.945180276456767,1.0
2025-09-02T13:50:32.330306,1.787326194320392,-45.07094256647872,1.0
2025-09-02T13:50:32.484781,-1.7519074821381282,11.483124818089664,1.0
2025-09-02T13:50:32.640069,-2.570892371564748,25.026999157331375,1.0
2025-09-02T13:50:32.782769,1.8312689161814308,-43.629198369511414,1.0
2025-09-02T13:50:32.932763,-2.890922524886439,37.071491363347036,1.0
2025-09-02T13:50:33.076441,0.5350038966381405,-19.575307405222475,1.0
2025-09-02T13:50:33.219881,-0.17265490365941394,-6.300415715418012,1.0
2025-09-02T13:50:33.366068,-0.5712112052014712,3.2212134307263796,1.0
2025-09-02T13:50:33.519954,-2.8147596860397646,42.42787822606874,1.0
2025-09-02T13:50:33.676194,-3.419087646704604,50.743125584698305,1.0
2025-09-02T13:50:33.823765,0.15993228413300703,-7.989848746618577,1.0
2025-09-02T13:50:33.981589,-3.6434159989990462,51.82907853173151,1.0
2025-09-02T13:50:34.133246,0.6471337970586832,-16.65890085945432,1.0
2025-09-02T13:50:34.284508,-3.1540305217701867,42.68366575601635,1.0
2025-09-02T13:50:34.434289,-3.5329352089811743,51.78236009804925,1.0
2025-09-02T13:50:34.587773,-4.457484395736499,69.57964321840291,1.0
2025-09-02T13:50:34.739184,-5.089195375013418,83.98926054615958,1.0
2025-09-02T13:50:34.889188,-5.537617564575134,91.35358155729932,1.0
2025-09-02T13:50:35.040483,0.3796082562312736,-11.9656933817447,1.0
2025-09-02T13:50:35.190967,-0.25619664223948,-0.17556490624906473,1.0
2025-09-02T13:50:35.345425,-5.598511116785291,93.44040262693989,1.0
2025-09-02T13:50:35.492646,0.1957445978087014,-8.877578958230174,1.0
2025-09-02T13:50:35.648839,-4.943647211158133,87.29740493243594,1.0
2025-09-02T13:50:35.797852,-0.2560424985306906,1.476626505482045,1.0
2025-09-02T13:50:35.949133,-4.243424584382286,80.21935678239379,1.0
2025-09-02T13:50:36.097251,-0.36395083786218635,2.7079687265757,1.0
2025-09-02T13:50:36.247122,0.023719619939946486,-4.411673284636322,1.0
2025-09-02T13:50:36.394360,0.4020194299178833,-8.734984591116472,1.0
2025-09-02T13:50:36.546521,-1.5837831564962037,34.474215973905416,1.0
2025-09-02T13:50:36.693109,0.46284865505603434,-7.78857204190524,1.0
2025-09-02T13:50:36.847047,-0.6548438136045427,27.58713047709398,1.0
2025-09-02T13:50:36.994576,-0.44497776896311975,13.603044488529576,1.0
2025-09-02T13:50:37.147672,-1.0848405020493685,35.25457409455521,1.0
2025-09-02T13:50:37.296554,-0.9572096381260873,25.406023914723505,1.0
2025-09-02T13:50:37.450753,-1.1438149393506107,40.13110940207332,1.0
2025-09-02T13:50:37.597535,0.4341055404630728,0.17060144795607357,1.0
2025-09-02T13:50:37.749807,-0.4029984648732266,31.18381372254464,1.0
2025-09-02T13:50:37.897852,0.9842293371938089,-11.017606824002655,1.0
2025-09-02T13:50:38.053125,-0.9023449935089579,42.92797731897258,1.0
2025-09-02T13:50:38.206022,1.6324028476384933,-24.28076115467286,1.0
2025-09-02T13:50:38.357031,1.6356486424542092,-25.381837720236604,1.0
2025-09-02T13:50:38.512475,1.0464755607543024,8.765789691725445,1.0
2025-09-02T13:50:38.663068,1.8957341002360537,-32.57827042091321,1.0
2025-09-02T13:50:38.821009,2.5286098736961957,-20.67798690533141,1.0
2025-09-02T13:50:38.980153,1.4961344609795633,-24.84542620881416,1.0
2025-09-02T13:50:39.137892,1.7120118020857693,-31.615244580018725,1.0
2025-09-02T13:50:39.296395,1.9025632232889824,-36.567703076365774,1.0
2025-09-02T13:50:39.448055,0.31527755479824643,16.24705033757016,1.0
2025-09-02T13:50:39.597342,0.22827296356820315,19.691065984009697,1.0
2025-09-02T13:50:39.756567,1.4825148370610564,-31.74305952016209,1.0
2025-09-02T13:50:39.911813,-0.20075698879757348,22.65079378745463,1.0
2025-09-02T13:50:40.072488,0.7385812262683519,-20.924979844523705,1.0
2025-09-02T13:50:40.233448,1.201300786122002,-29.353604445569545,1.0
2025-09-02T13:50:40.387170,-1.1598400396209576,36.52552545930803,1.0
2025-09-02T13:50:40.549919,1.8177163702820907,-40.99839992512443,1.0
2025-09-02T13:50:40.709822,2.3153151156253355,-50.69653001114193,1.0
2025-09-02T13:50:40.866982,2.7388494479072154,-58.765430117774486,1.0
2025-09-02T13:50:41.018536,1.0231690297432894,-9.045448973365978,1.0
2025-09-02T13:50:41.170692,1.4605562964846377,-16.890765369954124,1.0
2025-09-02T13:50:41.330191,2.5959705668689304,-56.94515125028704,1.0
2025-09-02T13:50:41.481367,1.3304898623140609,-17.82828627705362,1.0
2025-09-02T13:50:41.640746,1.4666991940845577,-36.14422481279769,1.0
2025-09-02T13:50:41.793984,0.912983267232646,-18.5580968672366,1.0
2025-09-02T13:50:41.948663,0.7327002260357575,-19.831988035888116,1.0
2025-09-02T13:50:42.109240,0.8605597164747217,-24.523444083489608,1.0
2025-09-02T13:50:42.275098,0.38335931614903,-14.09606978355339,1.0
2025-09-02T13:50:42.438411,0.6243849308558345,-17.784986250254065,1.0
2025-09-02T13:50:42.599802,1.0119719777656742,-22.54133526531234,1.0
2025-09-02T13:50:42.753097,-2.131299779914372,32.060211318652705,1.0
2025-09-02T13:50:42.908393,-2.3432985953926635,38.03632109798832,1.0
2025-09-02T13:50:43.066865,2.6594065283628385,-53.73348789714328,1.0
2025-09-02T13:50:43.217533,-1.955193793684708,36.37915720846695,1.0
2025-09-02T13:50:43.369118,-6.08643368000005,72.55303279070915,1.0
2025-09-02T13:50:43.517510,2.1956260681404105,-35.897529024642154,1.0
2025-09-02T13:50:43.670209,-6.636737071927144,92.67302331186397,1.0
2025-09-02T13:50:43.826629,-7.016361695944642,98.00053100208845,1.0
2025-09-02T13:50:43.982923,-5.891335076221152,87.20269423559694,1.0
2025-09-02T13:50:44.139867,6.380267464721104,-85.58220673501955,1.0
2025-09-02T13:50:44.292644,7.680123741776449,-103.75241709471607,1.0
2025-09-02T13:50:44.447751,-0.48275635697515706,28.62373823881194,1.0
2025-09-02T13:50:44.601612,9.443029777585787,-125.26772440034449,1.0
2025-09-02T13:50:44.760701,-3.7963545468973248,60.21202656110336,1.0
2025-09-02T13:50:44.919398,-3.2764745105433426,59.92225777500482,1.0
2025-09-02T13:50:45.078039,1.3200711675869186,18.35120466721503,1.0
2025-09-02T13:50:45.231016,15.984006125461049,-189.1125017677315,1.0
2025-09-02T13:50:45.390271,-2.1883461695993325,172.94824173159827,1.0
2025-09-02T13:50:45.550247,-1.8866943275894832,166.71174639074854,1.0
2025-09-02T13:50:45.711346,19.4089170681625,-216.85459641126005,1.0
2025-09-02T13:50:45.864019,20.165018653978464,-222.47294679961811,1.0
2025-09-02T13:50:46.020399,0.1546196368416414,155.2192975393283,1.0
2025-09-02T13:50:46.177497,0.7159109710455422,155.83231840719748,1.0
2025-09-02T13:50:46.332960,24.055192154251955,-281.9797710913883,1.0
2025-09-02T13:50:46.485236,0.21734739334320186,154.59636391432787,1.0
2025-09-02T13:50:46.640831,0.4970569393064152,151.24663925936386,1.0
2025-09-02T13:50:46.799146,27.74261648347941,-354.25899757750625,1.0
2025-09-02T13:50:46.951883,-2.445961673956644,23.510105449496564,1.0
2025-09-02T13:50:47.106923,31.054393058796943,-411.35748343003615,1.0
2025-09-02T13:50:47.260955,31.576817875891926,-427.53636134107126,1.0
2025-09-02T13:50:47.413269,-2.7088189107011904,50.54946477207693,1.0
2025-09-02T13:50:47.564794,33.32926290233202,-470.2784005726774,1.0
2025-09-02T13:50:47.715889,35.29503820845471,-508.187560421455,1.0
2025-09-02T13:50:47.869034,-1.5101545395724592,47.78192547266087,1.0
2025-09-02T13:50:48.024316,37.334076113466274,-555.224113196244,1.0
2025-09-02T13:50:48.177382,-0.7993759492787924,41.402704205597615,1.0
2025-09-02T13:50:48.335585,37.79094370651629,-571.5680922250132,1.0
2025-09-02T13:50:48.491899,-0.38911167265509605,33.18749662785308,1.0
2025-09-02T13:50:48.646557,-0.29942598296513057,28.935229781067278,1.0
2025-09-02T13:50:48.802444,41.73500036649879,-345.213231570798,1.0
2025-09-02T13:50:48.957928,-0.19285875886311843,25.56155255358476,1.0
2025-09-02T13:50:49.112849,-0.08621454902036027,22.303542538865827,1.0
2025-09-02T13:50:49.266646,37.43778028955488,-575.7996561528786,1.0
2025-09-02T13:50:49.422280,0.21382521307279534,15.482917067191693,1.0
2025-09-02T13:50:49.577041,0.5081051254930872,9.22245224036169,1.0
2025-09-02T13:50:49.734060,32.798170177724856,-498.0632451740453,1.0
2025-09-02T13:50:49.892059,0.9184355100195195,-1.226128453564911,1.0
2025-09-02T13:50:50.046309,1.3676584187538952,-11.255737697950053,1.0
2025-09-02T13:50:50.205082,26.089363342511483,-388.8235545851361,1.0
2025-09-02T13:50:50.356597,26.167793813907608,-382.0656736529373,1.0
2025-09-02T13:50:50.509114,2.2172862816126258,-29.29806363927878,1.0
2025-09-02T13:50:50.663041,26.734652279188,-378.7600384247362,1.0
2025-09-02T13:50:50.815765,2.5514274437523623,-34.77340118481095,1.0
2025-09-02T13:50:50.975560,25.627637668376384,-370.17163013099605,1.0
2025-09-02T13:50:51.130265,27.04960351675795,-386.75491808327627,1.0
2025-09-02T13:50:51.291331,2.7437574845438317,-38.445071686383244,1.0
2025-09-02T13:50:51.447523,2.7022511921303676,-38.61335749310956,1.0
2025-09-02T13:50:51.604718,25.843640803317523,-350.4720473539991,1.0
2025-09-02T13:50:51.761299,25.381256047166143,-344.76255448862753,1.0
2025-09-02T13:50:51.914516,25.429032201565654,-351.05756275245875,1.0
2025-09-02T13:50:52.064305,26.2056439874677,-162.89171207801473,1.0
2025-09-02T13:50:52.215375,2.84117406695155,-41.98457029376027,1.0
2025-09-02T13:50:52.368026,2.7732027940050736,-40.909927717795085,1.0
2025-09-02T13:50:52.520067,2.71622960510541,-39.71344977517242,1.0
2025-09-02T13:50:52.674883,2.797447297000507,-40.98219584201331,1.0
2025-09-02T13:50:52.826388,24.03076083406846,-152.31447327260935,1.0
2025-09-02T13:50:52.980902,3.3238861878037906,-51.600672420338356,1.0
2025-09-02T13:50:53.134482,24.40417399021821,-161.61440824551983,1.0
2025-09-02T13:50:53.284386,3.74319098889978,-58.474576947117384,1.0
2025-09-02T13:50:53.438278,3.8261584129308006,-61.04816896931584,1.0
2025-09-02T13:50:53.591508,4.031721461293879,-64.02275069420375,1.0
2025-09-02T13:50:53.749792,4.12382374899456,-65.88587609478623,1.0
2025-09-02T13:50:53.902470,16.608457037882637,-36.666488949770155,1.0
2025-09-02T13:50:54.060471,15.226596436990878,-218.9075423344745,1.0
2025-09-02T13:50:54.215455,3.9547140135144967,-63.894997114188186,1.0
2025-09-02T13:50:54.375643,15.52844694355127,-218.13538486637623,1.0
2025-09-02T13:50:54.534978,14.363992090536664,-197.63285015541942,1.0
2025-09-02T13:50:54.685805,4.310061564675704,-70.47507926102298,1.0
2025-09-02T13:50:54.837756,4.451327951085588,-72.36348759966563,1.0
2025-09-02T13:50:54.992696,15.262153724817255,-7.444611389494639,1.0
2025-09-02T13:50:55.146260,4.663492272993455,-77.72572862068569,1.0
2025-09-02T13:50:55.298736,14.557905256192356,-192.78850608892355,1.0
2025-09-02T13:50:55.449695,4.841562840814526,-80.57915523120539,1.0
2025-09-02T13:50:55.604189,15.459741757705872,-193.04406189787505,1.0
2025-09-02T13:50:55.761526,14.653817081953367,-179.23368354331694,1.0
2025-09-02T13:50:55.913237,5.862844812051364,-100.40643058177079,1.0
2025-09-02T13:50:56.066721,16.432825877489396,-199.72170025344008,1.0
2025-09-02T13:50:56.218922,6.130177217924724,-106.89583244929429,1.0
2025-09-02T13:50:56.369785,6.3353711162537705,-111.13999369435908,1.0
2025-09-02T13:50:56.525299,16.331014858110805,-203.73693188476977,1.0
2025-09-02T13:50:56.677708,6.8574715810984985,-120.6104299303845,1.0
2025-09-02T13:50:56.831108,17.258502709157437,-219.6605690794808,1.0
2025-09-02T13:50:56.983503,7.7847570223605755,-140.37214314433544,1.0
2025-09-02T13:50:57.132706,7.9768564469607455,-141.19688895545886,1.0
2025-09-02T13:50:57.283781,7.883731056306636,-140.07987309965426,1.0
2025-09-02T13:50:57.432707,8.023828567563573,-143.93234215335218,1.0
2025-09-02T13:50:57.584671,7.746703680942599,38.075015449664875,1.0
2025-09-02T13:50:57.738042,7.7670173070613275,37.56374252671765,1.0
2025-09-02T13:50:57.892689,7.674526395848398,38.448427839967735,1.0
2025-09-02T13:50:58.048121,7.597521412937783,41.49439749379144,1.0
2025-09-02T13:50:58.207794,18.07798798961094,-246.37212465488932,1.0
2025-09-02T13:50:58.366180,19.40562668869061,-78.03035358542286,1.0
2025-09-02T13:50:58.524080,17.888766652276185,-256.64093628550893,1.0
2025-09-02T13:50:58.679831,20.15975251974912,-94.52819552071333,1.0
2025-09-02T13:50:58.834508,19.751990982066832,-98.6244294587691,1.0
2025-09-02T13:50:58.991438,18.175774910201184,-76.32631675216135,1.0
2025-09-02T13:50:59.147213,16.842882596728344,-60.819706686155314,1.0
2025-09-02T13:50:59.299477,15.301882026137157,-34.80303826497277,1.0
2025-09-02T13:50:59.452553,15.12535840778599,-30.32906177232553,1.0
2025-09-02T13:50:59.609703,13.979681531547199,-15.462826281859293,1.0
2025-09-02T13:50:59.763139,12.253831165072137,7.015504354563859,1.0
2025-09-02T13:50:59.918315,11.21118121666817,27.186485392998748,1.0
2025-09-02T13:51:00.078085,10.461219732995003,37.3720958093968,1.0
2025-09-02T13:51:00.234971,8.694904041585447,61.53983708366252,1.0
2025-09-02T13:51:00.389935,7.0468321636761795,-120.00420959565088,1.0
2025-09-02T13:51:00.545594,6.58827888921875,-113.70593919821783,1.0
2025-09-02T13:51:00.700068,6.710125124732789,-116.01726240949199,1.0
2025-09-02T13:51:00.857316,5.844294087199268,-109.38205390761664,1.0
2025-09-02T13:51:01.013341,5.109496088922116,-100.53042762284872,1.0
2025-09-02T13:51:01.164762,4.426816953216504,-88.13098857907539,1.0
2025-09-02T13:51:01.317407,4.302787866448897,-84.24452961631027,1.0
2025-09-02T13:51:01.473419,3.7990927202240155,-74.80865315954145,1.0
2025-09-02T13:51:01.624112,2.784473289786304,-58.506270724971046,1.0
2025-09-02T13:51:01.778499,1.898840531168872,-42.089176852250034,1.0
2025-09-02T13:51:01.929013,0.6631597561898847,-25.820868551746116,1.0
2025-09-02T13:51:02.082750,0.6848344632189093,-19.966045616225642,1.0
2025-09-02T13:51:02.237318,0.3615594039953989,-12.314133893451526,1.0
2025-09-02T13:51:02.392306,0.5926829519809763,-15.93322943776161,1.0
2025-09-02T13:51:02.545135,0.7416843423344655,-18.19467150662331,1.0
2025-09-02T13:51:02.694518,0.30634216890951016,-9.555179018821491,1.0
2025-09-02T13:51:02.851037,0.35565736243045354,-10.737707503566185,1.0
2025-09-02T13:51:03.000167,0.43076942274988955,-12.86663877637352,1.0
2025-09-02T13:51:03.153155,0.5250191954434482,-17.920989444156817,1.0
